Any,Indicador,Nom_Equipament,Valor,Notes_Dades,Notes_Equipament,Codi_Districte,Nom_Districte,Codi_Barri,Nom_Barri,Titularitat,Tipus_Us,Tipus_Equipament,Ambit,Latitud,Longitud
2024,Espectacles,Altres espais escènics,17,,,Di,rsos districtes,,,Titularitat privada,Espais de representacions escèniques,Sales d'arts escèniques,Arts escèniques,,
2024,Funcions,Altres espais escènics,58,,,Di,rsos districtes,,,Titularitat privada,Espais de representacions escèniques,Sales d'arts escèniques,Arts escèniques,,
2024,Aforament,Altres espais escènics,13989,,,Di,rsos districtes,,,Titularitat privada,Espais de representacions escèniques,Sales d'arts escèniques,Arts escèniques,,
2024,Entrades_Venudes,Altres espais escènics,10993,,,Di,rsos districtes,,,Titularitat privada,Espais de representacions escèniques,Sales d'arts escèniques,Arts escèniques,,
2024,Espectadors,Altres espais escènics,11465,,,Di,rsos districtes,,,Titularitat privada,Espais de representacions escèniques,Sales d'arts escèniques,Arts escèniques,,
2024,Espectacles,Antic Teatre,40,,,01,Ciutat Vella,04,"Sant Pere, Santa Caterina i la Ribera",Titularitat privada,Sales d'arts escèniques de - 200 butaques,Sales d'arts escèniques,Arts escèniques,41.387137228,2.175892194
2024,Funcions,Antic Teatre,164,,,01,Ciutat Vella,04,"Sant Pere, Santa Caterina i la Ribera",Titularitat privada,Sales d'arts escèniques de - 200 butaques,Sales d'arts escèniques,Arts escèniques,41.387137228,2.175892194
2024,Aforament,Antic Teatre,11603,,,01,Ciutat Vella,04,"Sant Pere, Santa Caterina i la Ribera",Titularitat privada,Sales d'arts escèniques de - 200 butaques,Sales d'arts escèniques,Arts escèniques,41.387137228,2.175892194
2024,Entrades_Venudes,Antic Teatre,5727,,,01,Ciutat Vella,04,"Sant Pere, Santa Caterina i la Ribera",Titularitat privada,Sales d'arts escèniques de - 200 butaques,Sales d'arts escèniques,Arts escèniques,41.387137228,2.175892194
2024,Espectadors,Antic Teatre,6993,,,01,Ciutat Vella,04,"Sant Pere, Santa Caterina i la Ribera",Titularitat privada,Sales d'arts escèniques de - 200 butaques,Sales d'arts escèniques,Arts escèniques,41.387137228,2.175892194
2024,Espectacles,Aquitània Teatre,43,,,02,Eixample,09,la Nova Esquerra de l'Eixample,Titularitat privada,Sales d'arts escèniques de - 200 butaques,Sales d'arts escèniques,Arts escèniques,41.390208275,2.144701461
2024,Funcions,Aquitània Teatre,391,,,02,Eixample,09,la Nova Esquerra de l'Eixample,Titularitat privada,Sales d'arts escèniques de - 200 butaques,Sales d'arts escèniques,Arts escèniques,41.390208275,2.144701461
2024,Aforament,Aquitània Teatre,128214,,,02,Eixample,09,la Nova Esquerra de l'Eixample,Titularitat privada,Sales d'arts escèniques de - 200 butaques,Sales d'arts escèniques,Arts escèniques,41.390208275,2.144701461
2024,Entrades_Venudes,Aquitània Teatre,34725,,,02,Eixample,09,la Nova Esquerra de l'Eixample,Titularitat privada,Sales d'arts escèniques de - 200 butaques,Sales d'arts escèniques,Arts escèniques,41.390208275,2.144701461
2024,Espectadors,Aquitània Teatre,42398,,,02,Eixample,09,la Nova Esquerra de l'Eixample,Titularitat privada,Sales d'arts escèniques de - 200 butaques,Sales d'arts escèniques,Arts escèniques,41.390208275,2.144701461
2024,Espectacles,Coliseum,57,,,02,Eixample,07,la Dreta de l'Eixample,Titularitat privada,Sales d'arts escèniques de + 200 butaques,Sales d'arts escèniques,Arts escèniques,41.388275,2.166088
2024,Funcions,Coliseum,263,,,02,Eixample,07,la Dreta de l'Eixample,Titularitat privada,Sales d'arts escèniques de + 200 butaques,Sales d'arts escèniques,Arts escèniques,41.388275,2.166088
2024,Aforament,Coliseum,343569,,,02,Eixample,07,la Dreta de l'Eixample,Titularitat privada,Sales d'arts escèniques de + 200 butaques,Sales d'arts escèniques,Arts escèniques,41.388275,2.166088
2024,Entrades_Venudes,Coliseum,260226,,,02,Eixample,07,la Dreta de l'Eixample,Titularitat privada,Sales d'arts escèniques de + 200 butaques,Sales d'arts escèniques,Arts escèniques,41.388275,2.166088
2024,Espectadors,Coliseum,266897,,,02,Eixample,07,la Dreta de l'Eixample,Titularitat privada,Sales d'arts escèniques de + 200 butaques,Sales d'arts escèniques,Arts escèniques,41.388275,2.166088
2024,Espectacles,Dau al Sec,23,,,03,Sants-Montjuïc,11,el Poble Sec,Titularitat privada,Sales d'arts escèniques de - 200 butaques,Sales d'arts escèniques,Arts escèniques,41.3713037,2.1648109
2024,Funcions,Dau al Sec,144,,,03,Sants-Montjuïc,11,el Poble Sec,Titularitat privada,Sales d'arts escèniques de - 200 butaques,Sales d'arts escèniques,Arts escèniques,41.3713037,2.1648109
2024,Aforament,Dau al Sec,6597,,,03,Sants-Montjuïc,11,el Poble Sec,Titularitat privada,Sales d'arts escèniques de - 200 butaques,Sales d'arts escèniques,Arts escèniques,41.3713037,2.1648109
2024,Entrades_Venudes,Dau al Sec,3703,,,03,Sants-Montjuïc,11,el Poble Sec,Titularitat privada,Sales d'arts escèniques de - 200 butaques,Sales d'arts escèniques,Arts escèniques,41.3713037,2.1648109
2024,Espectadors,Dau al Sec,4500,,,03,Sants-Montjuïc,11,el Poble Sec,Titularitat privada,Sales d'arts escèniques de - 200 butaques,Sales d'arts escèniques,Arts escèniques,41.3713037,2.1648109
2024,Espectacles,Eixample Teatre,31,,,02,Eixample,08,l'Antiga Esquerra de l'Eixample,Titularitat privada,Sales d'arts escèniques de + 200 butaques,Sales d'arts escèniques,Arts escèniques,41.385343,2.155808
2024,Funcions,Eixample Teatre,482,,,02,Eixample,08,l'Antiga Esquerra de l'Eixample,Titularitat privada,Sales d'arts escèniques de + 200 butaques,Sales d'arts escèniques,Arts escèniques,41.385343,2.155808
2024,Aforament,Eixample Teatre,144600,,,02,Eixample,08,l'Antiga Esquerra de l'Eixample,Titularitat privada,Sales d'arts escèniques de + 200 butaques,Sales d'arts escèniques,Arts escèniques,41.385343,2.155808
2024,Entrades_Venudes,Eixample Teatre,56200,,,02,Eixample,08,l'Antiga Esquerra de l'Eixample,Titularitat privada,Sales d'arts escèniques de + 200 butaques,Sales d'arts escèniques,Arts escèniques,41.385343,2.155808
2024,Espectadors,Eixample Teatre,64671,,,02,Eixample,08,l'Antiga Esquerra de l'Eixample,Titularitat privada,Sales d'arts escèniques de + 200 butaques,Sales d'arts escèniques,Arts escèniques,41.385343,2.155808
2024,Espectacles,El Maldà,14,,,01,Ciutat Vella,02,el Barri Gòtic,Titularitat privada,Sales d'arts escèniques de - 200 butaques,Sales d'arts escèniques,Arts escèniques,41.383570271,2.17314987
2024,Funcions,El Maldà,257,,,01,Ciutat Vella,02,el Barri Gòtic,Titularitat privada,Sales d'arts escèniques de - 200 butaques,Sales d'arts escèniques,Arts escèniques,41.383570271,2.17314987
2024,Aforament,El Maldà,12850,,,01,Ciutat Vella,02,el Barri Gòtic,Titularitat privada,Sales d'arts escèniques de - 200 butaques,Sales d'arts escèniques,Arts escèniques,41.383570271,2.17314987
2024,Entrades_Venudes,El Maldà,9908,,,01,Ciutat Vella,02,el Barri Gòtic,Titularitat privada,Sales d'arts escèniques de - 200 butaques,Sales d'arts escèniques,Arts escèniques,41.383570271,2.17314987
2024,Espectadors,El Maldà,10755,,,01,Ciutat Vella,02,el Barri Gòtic,Titularitat privada,Sales d'arts escèniques de - 200 butaques,Sales d'arts escèniques,Arts escèniques,41.383570271,2.17314987
2024,Espectacles,El Victòria,46,,,03,Sants-Montjuïc,11,el Poble Sec,Titularitat privada,Sales d'arts escèniques de + 200 butaques,Sales d'arts escèniques,Arts escèniques,41.374778065,2.169244522
2024,Funcions,El Victòria,332,,,03,Sants-Montjuïc,11,el Poble Sec,Titularitat privada,Sales d'arts escèniques de + 200 butaques,Sales d'arts escèniques,Arts escèniques,41.374778065,2.169244522
2024,Aforament,El Victòria,384740,,,03,Sants-Montjuïc,11,el Poble Sec,Titularitat privada,Sales d'arts escèniques de + 200 butaques,Sales d'arts escèniques,Arts escèniques,41.374778065,2.169244522
2024,Entrades_Venudes,El Victòria,326908,,,03,Sants-Montjuïc,11,el Poble Sec,Titularitat privada,Sales d'arts escèniques de + 200 butaques,Sales d'arts escèniques,Arts escèniques,41.374778065,2.169244522
2024,Espectadors,El Victòria,344271,,,03,Sants-Montjuïc,11,el Poble Sec,Titularitat privada,Sales d'arts escèniques de + 200 butaques,Sales d'arts escèniques,Arts escèniques,41.374778065,2.169244522
2024,Espectacles,Espai Texas,26,,El 2023 va tornar a obrir aquest espai amb dues sales de cinema i una nova sala teatral de 200 localitats.,06,Gràcia,31,la Vila de Gràcia,Titularitat privada,Sales d'arts escèniques de - 200 butaques,Cinemes,Arts escèniques,41.402039,2.163669
2024,Funcions,Espai Texas,365,,El 2023 va tornar a obrir aquest espai amb dues sales de cinema i una nova sala teatral de 200 localitats.,06,Gràcia,31,la Vila de Gràcia,Titularitat privada,Sales d'arts escèniques de - 200 butaques,Cinemes,Arts escèniques,41.402039,2.163669
2024,Aforament,Espai Texas,74229,,El 2023 va tornar a obrir aquest espai amb dues sales de cinema i una nova sala teatral de 200 localitats.,06,Gràcia,31,la Vila de Gràcia,Titularitat privada,Sales d'arts escèniques de - 200 butaques,Cinemes,Arts escèniques,41.402039,2.163669
2024,Entrades_Venudes,Espai Texas,47041,,El 2023 va tornar a obrir aquest espai amb dues sales de cinema i una nova sala teatral de 200 localitats.,06,Gràcia,31,la Vila de Gràcia,Titularitat privada,Sales d'arts escèniques de - 200 butaques,Cinemes,Arts escèniques,41.402039,2.163669
2024,Espectadors,Espai Texas,52298,,El 2023 va tornar a obrir aquest espai amb dues sales de cinema i una nova sala teatral de 200 localitats.,06,Gràcia,31,la Vila de Gràcia,Titularitat privada,Sales d'arts escèniques de - 200 butaques,Cinemes,Arts escèniques,41.402039,2.163669
2024,Espectacles,Fundació Joan Brossa - Centre de les Arts Lliures,23,,,01,Ciutat Vella,04,"Sant Pere, Santa Caterina i la Ribera",Ajuntament de Barcelona,Sales d'arts escèniques de - 200 butaques,Fàbriques de Creació,Arts escèniques,41.385217359,2.182361375
2024,Funcions,Fundació Joan Brossa - Centre de les Arts Lliures,163,,,01,Ciutat Vella,04,"Sant Pere, Santa Caterina i la Ribera",Ajuntament de Barcelona,Sales d'arts escèniques de - 200 butaques,Fàbriques de Creació,Arts escèniques,41.385217359,2.182361375
2024,Aforament,Fundació Joan Brossa - Centre de les Arts Lliures,14715,,,01,Ciutat Vella,04,"Sant Pere, Santa Caterina i la Ribera",Ajuntament de Barcelona,Sales d'arts escèniques de - 200 butaques,Fàbriques de Creació,Arts escèniques,41.385217359,2.182361375
2024,Entrades_Venudes,Fundació Joan Brossa - Centre de les Arts Lliures,6366,,,01,Ciutat Vella,04,"Sant Pere, Santa Caterina i la Ribera",Ajuntament de Barcelona,Sales d'arts escèniques de - 200 butaques,Fàbriques de Creació,Arts escèniques,41.385217359,2.182361375
2024,Espectadors,Fundació Joan Brossa - Centre de les Arts Lliures,8668,,,01,Ciutat Vella,04,"Sant Pere, Santa Caterina i la Ribera",Ajuntament de Barcelona,Sales d'arts escèniques de - 200 butaques,Fàbriques de Creació,Arts escèniques,41.385217359,2.182361375
2024,Espectacles,Golem'S,70,,,06,Gràcia,31,la Vila de Gràcia,Titularitat privada,Sales d'arts escèniques de - 200 butaques,Sales d'arts escèniques,Arts escèniques,41.406091398,2.16140486
2024,Funcions,Golem'S,208,,,06,Gràcia,31,la Vila de Gràcia,Titularitat privada,Sales d'arts escèniques de - 200 butaques,Sales d'arts escèniques,Arts escèniques,41.406091398,2.16140486
2024,Aforament,Golem'S,23716,,,06,Gràcia,31,la Vila de Gràcia,Titularitat privada,Sales d'arts escèniques de - 200 butaques,Sales d'arts escèniques,Arts escèniques,41.406091398,2.16140486
2024,Entrades_Venudes,Golem'S,15706,,,06,Gràcia,31,la Vila de Gràcia,Titularitat privada,Sales d'arts escèniques de - 200 butaques,Sales d'arts escèniques,Arts escèniques,41.406091398,2.16140486
2024,Espectadors,Golem'S,16506,,,06,Gràcia,31,la Vila de Gràcia,Titularitat privada,Sales d'arts escèniques de - 200 butaques,Sales d'arts escèniques,Arts escèniques,41.406091398,2.16140486
2024,Espectacles,Gran Teatre del Liceu,38,,,01,Ciutat Vella,01,el Raval,Consorci o fundació amb presència administracions públiques,Sales d'arts escèniques de + 200 butaques,Grans auditoris,Arts escèniques,41.380115249,2.173329003
2024,Funcions,Gran Teatre del Liceu,154,,,01,Ciutat Vella,01,el Raval,Consorci o fundació amb presència administracions públiques,Sales d'arts escèniques de + 200 butaques,Grans auditoris,Arts escèniques,41.380115249,2.173329003
2024,Aforament,Gran Teatre del Liceu,306083,,,01,Ciutat Vella,01,el Raval,Consorci o fundació amb presència administracions públiques,Sales d'arts escèniques de + 200 butaques,Grans auditoris,Arts escèniques,41.380115249,2.173329003
2024,Entrades_Venudes,Gran Teatre del Liceu,233025,,,01,Ciutat Vella,01,el Raval,Consorci o fundació amb presència administracions públiques,Sales d'arts escèniques de + 200 butaques,Grans auditoris,Arts escèniques,41.380115249,2.173329003
2024,Espectadors,Gran Teatre del Liceu,262448,,,01,Ciutat Vella,01,el Raval,Consorci o fundació amb presència administracions públiques,Sales d'arts escèniques de + 200 butaques,Grans auditoris,Arts escèniques,41.380115249,2.173329003
2024,Espectacles,Heartbreak Hotel,6,,,03,Sants-Montjuïc,17,Sants - Badal,Titularitat privada,Sales d'arts escèniques de - 200 butaques,Sales d'arts escèniques,Arts escèniques,41.373158866065175,2.128854605845001
2024,Funcions,Heartbreak Hotel,212,,,03,Sants-Montjuïc,17,Sants - Badal,Titularitat privada,Sales d'arts escèniques de - 200 butaques,Sales d'arts escèniques,Arts escèniques,41.373158866065175,2.128854605845001
2024,Aforament,Heartbreak Hotel,14461,,,03,Sants-Montjuïc,17,Sants - Badal,Titularitat privada,Sales d'arts escèniques de - 200 butaques,Sales d'arts escèniques,Arts escèniques,41.373158866065175,2.128854605845001
2024,Entrades_Venudes,Heartbreak Hotel,9886,,,03,Sants-Montjuïc,17,Sants - Badal,Titularitat privada,Sales d'arts escèniques de - 200 butaques,Sales d'arts escèniques,Arts escèniques,41.373158866065175,2.128854605845001
2024,Espectadors,Heartbreak Hotel,11213,,,03,Sants-Montjuïc,17,Sants - Badal,Titularitat privada,Sales d'arts escèniques de - 200 butaques,Sales d'arts escèniques,Arts escèniques,41.373158866065175,2.128854605845001
2024,Espectacles,Jove Teatre Regina,22,,,06,Gràcia,31,la Vila de Gràcia,Titularitat privada,Sales d'arts escèniques de + 200 butaques,Sales d'arts escèniques,Arts escèniques,41.396845566,2.156149548
2024,Funcions,Jove Teatre Regina,273,,,06,Gràcia,31,la Vila de Gràcia,Titularitat privada,Sales d'arts escèniques de + 200 butaques,Sales d'arts escèniques,Arts escèniques,41.396845566,2.156149548
2024,Aforament,Jove Teatre Regina,75800,,,06,Gràcia,31,la Vila de Gràcia,Titularitat privada,Sales d'arts escèniques de + 200 butaques,Sales d'arts escèniques,Arts escèniques,41.396845566,2.156149548
2024,Entrades_Venudes,Jove Teatre Regina,45185,,,06,Gràcia,31,la Vila de Gràcia,Titularitat privada,Sales d'arts escèniques de + 200 butaques,Sales d'arts escèniques,Arts escèniques,41.396845566,2.156149548
2024,Espectadors,Jove Teatre Regina,48680,,,06,Gràcia,31,la Vila de Gràcia,Titularitat privada,Sales d'arts escèniques de + 200 butaques,Sales d'arts escèniques,Arts escèniques,41.396845566,2.156149548
2024,Espectadors,L'Autèntica,13125,,,06,Gràcia,31,la Vila de Gràcia,Titularitat privada,Sales d'arts escèniques de - 200 butaques,Sales d'arts escèniques,Arts escèniques,41.40543,2.15707
2024,Aforament,L'Autèntica,15716,,,06,Gràcia,31,la Vila de Gràcia,Titularitat privada,Sales d'arts escèniques de - 200 butaques,Sales d'arts escèniques,Arts escèniques,41.40543,2.15707
2024,Entrades_Venudes,L'Autèntica,12296,,,06,Gràcia,31,la Vila de Gràcia,Titularitat privada,Sales d'arts escèniques de - 200 butaques,Sales d'arts escèniques,Arts escèniques,41.40543,2.15707
2024,Espectacles,L'Autèntica,32,,,06,Gràcia,31,la Vila de Gràcia,Titularitat privada,Sales d'arts escèniques de - 200 butaques,Sales d'arts escèniques,Arts escèniques,41.40543,2.15707
2024,Funcions,L'Autèntica,324,,,06,Gràcia,31,la Vila de Gràcia,Titularitat privada,Sales d'arts escèniques de - 200 butaques,Sales d'arts escèniques,Arts escèniques,41.40543,2.15707
2024,Espectacles,La Badabadoc,30,,,06,Gràcia,31,la Vila de Gràcia,Titularitat privada,Sales d'arts escèniques de - 200 butaques,Sales d'arts escèniques,Arts escèniques,41.40329835,2.16160013
2024,Funcions,La Badabadoc,172,,,06,Gràcia,31,la Vila de Gràcia,Titularitat privada,Sales d'arts escèniques de - 200 butaques,Sales d'arts escèniques,Arts escèniques,41.40329835,2.16160013
2024,Aforament,La Badabadoc,7222,,,06,Gràcia,31,la Vila de Gràcia,Titularitat privada,Sales d'arts escèniques de - 200 butaques,Sales d'arts escèniques,Arts escèniques,41.40329835,2.16160013
2024,Entrades_Venudes,La Badabadoc,3011,,,06,Gràcia,31,la Vila de Gràcia,Titularitat privada,Sales d'arts escèniques de - 200 butaques,Sales d'arts escèniques,Arts escèniques,41.40329835,2.16160013
2024,Espectadors,La Badabadoc,4240,,,06,Gràcia,31,la Vila de Gràcia,Titularitat privada,Sales d'arts escèniques de - 200 butaques,Sales d'arts escèniques,Arts escèniques,41.40329835,2.16160013
2024,Espectacles,La Off Barcelona,28,,Antiga Sala Ón.,06,Gràcia,31,la Vila de Gràcia,Titularitat privada,Sales d'arts escèniques de - 200 butaques,Sales d'arts escèniques,Arts escèniques,41.403961,2.168091
2024,Funcions,La Off Barcelona,233,,Antiga Sala Ón.,06,Gràcia,31,la Vila de Gràcia,Titularitat privada,Sales d'arts escèniques de - 200 butaques,Sales d'arts escèniques,Arts escèniques,41.403961,2.168091
2024,Aforament,La Off Barcelona,13980,,Antiga Sala Ón.,06,Gràcia,31,la Vila de Gràcia,Titularitat privada,Sales d'arts escèniques de - 200 butaques,Sales d'arts escèniques,Arts escèniques,41.403961,2.168091
2024,Entrades_Venudes,La Off Barcelona,4802,,Antiga Sala Ón.,06,Gràcia,31,la Vila de Gràcia,Titularitat privada,Sales d'arts escèniques de - 200 butaques,Sales d'arts escèniques,Arts escèniques,41.403961,2.168091
2024,Espectadors,La Off Barcelona,4802,,Antiga Sala Ón.,06,Gràcia,31,la Vila de Gràcia,Titularitat privada,Sales d'arts escèniques de - 200 butaques,Sales d'arts escèniques,Arts escèniques,41.403961,2.168091
2024,Espectacles,La Puntual,19,,,01,Ciutat Vella,04,"Sant Pere, Santa Caterina i la Ribera",Titularitat privada,Sales d'arts escèniques de - 200 butaques,Sales d'arts escèniques,Arts escèniques,41.386779395,2.18126153
2024,Funcions,La Puntual,238,,,01,Ciutat Vella,04,"Sant Pere, Santa Caterina i la Ribera",Titularitat privada,Sales d'arts escèniques de - 200 butaques,Sales d'arts escèniques,Arts escèniques,41.386779395,2.18126153
2024,Aforament,La Puntual,10955,,,01,Ciutat Vella,04,"Sant Pere, Santa Caterina i la Ribera",Titularitat privada,Sales d'arts escèniques de - 200 butaques,Sales d'arts escèniques,Arts escèniques,41.386779395,2.18126153
2024,Entrades_Venudes,La Puntual,8036,,,01,Ciutat Vella,04,"Sant Pere, Santa Caterina i la Ribera",Titularitat privada,Sales d'arts escèniques de - 200 butaques,Sales d'arts escèniques,Arts escèniques,41.386779395,2.18126153
2024,Espectadors,La Puntual,8263,,,01,Ciutat Vella,04,"Sant Pere, Santa Caterina i la Ribera",Titularitat privada,Sales d'arts escèniques de - 200 butaques,Sales d'arts escèniques,Arts escèniques,41.386779395,2.18126153
2024,Espectacles,La Villarroel,18,,,02,Eixample,08,l'Antiga Esquerra de l'Eixample,Titularitat privada,Sales d'arts escèniques de + 200 butaques,Sales d'arts escèniques,Arts escèniques,41.384515128,2.157499403
2024,Funcions,La Villarroel,407,,,02,Eixample,08,l'Antiga Esquerra de l'Eixample,Titularitat privada,Sales d'arts escèniques de + 200 butaques,Sales d'arts escèniques,Arts escèniques,41.384515128,2.157499403
2024,Aforament,La Villarroel,152695,,,02,Eixample,08,l'Antiga Esquerra de l'Eixample,Titularitat privada,Sales d'arts escèniques de + 200 butaques,Sales d'arts escèniques,Arts escèniques,41.384515128,2.157499403
2024,Entrades_Venudes,La Villarroel,101725,,,02,Eixample,08,l'Antiga Esquerra de l'Eixample,Titularitat privada,Sales d'arts escèniques de + 200 butaques,Sales d'arts escèniques,Arts escèniques,41.384515128,2.157499403
2024,Espectadors,La Villarroel,107254,,,02,Eixample,08,l'Antiga Esquerra de l'Eixample,Titularitat privada,Sales d'arts escèniques de + 200 butaques,Sales d'arts escèniques,Arts escèniques,41.384515128,2.157499403
2024,Espectacles,Mercat de les Flors (Pina Bausch),31,,,03,Sants-Montjuïc,11,el Poble Sec,Consorci o fundació amb presència administracions públiques,Sales d'arts escèniques de - 200 butaques,Sales d'arts escèniques,Arts escèniques,41.3714006151072,2.156828564792796
2024,Funcions,Mercat de les Flors (Pina Bausch),78,,,03,Sants-Montjuïc,11,el Poble Sec,Consorci o fundació amb presència administracions públiques,Sales d'arts escèniques de - 200 butaques,Sales d'arts escèniques,Arts escèniques,41.3714006151072,2.156828564792796
2024,Aforament,Mercat de les Flors (Pina Bausch),6908,,,03,Sants-Montjuïc,11,el Poble Sec,Consorci o fundació amb presència administracions públiques,Sales d'arts escèniques de - 200 butaques,Sales d'arts escèniques,Arts escèniques,41.3714006151072,2.156828564792796
2024,Entrades_Venudes,Mercat de les Flors (Pina Bausch),5035,,,03,Sants-Montjuïc,11,el Poble Sec,Consorci o fundació amb presència administracions públiques,Sales d'arts escèniques de - 200 butaques,Sales d'arts escèniques,Arts escèniques,41.3714006151072,2.156828564792796
2024,Espectadors,Mercat de les Flors (Pina Bausch),5952,,,03,Sants-Montjuïc,11,el Poble Sec,Consorci o fundació amb presència administracions públiques,Sales d'arts escèniques de - 200 butaques,Sales d'arts escèniques,Arts escèniques,41.3714006151072,2.156828564792796
2024,Espectacles,Mercat de les Flors (Sala Maria Aurèlia Capmany),38,,,03,Sants-Montjuïc,11,el Poble Sec,Consorci o fundació amb presència administracions públiques,Sales d'arts escèniques de + 200 butaques,Sales d'arts escèniques,Arts escèniques,41.371194267316525,2.1567252969655044
2024,Funcions,Mercat de les Flors (Sala Maria Aurèlia Capmany),100,,,03,Sants-Montjuïc,11,el Poble Sec,Consorci o fundació amb presència administracions públiques,Sales d'arts escèniques de + 200 butaques,Sales d'arts escèniques,Arts escèniques,41.371194267316525,2.1567252969655044
2024,Aforament,Mercat de les Flors (Sala Maria Aurèlia Capmany),36386,,,03,Sants-Montjuïc,11,el Poble Sec,Consorci o fundació amb presència administracions públiques,Sales d'arts escèniques de + 200 butaques,Sales d'arts escèniques,Arts escèniques,41.371194267316525,2.1567252969655044
2024,Entrades_Venudes,Mercat de les Flors (Sala Maria Aurèlia Capmany),26155,,,03,Sants-Montjuïc,11,el Poble Sec,Consorci o fundació amb presència administracions públiques,Sales d'arts escèniques de + 200 butaques,Sales d'arts escèniques,Arts escèniques,41.371194267316525,2.1567252969655044
2024,Espectadors,Mercat de les Flors (Sala Maria Aurèlia Capmany),30245,,,03,Sants-Montjuïc,11,el Poble Sec,Consorci o fundació amb presència administracions públiques,Sales d'arts escèniques de + 200 butaques,Sales d'arts escèniques,Arts escèniques,41.371194267316525,2.1567252969655044
2024,Espectacles,Mercat de les Flors (Sala Ovidi Montllor),16,,,03,Sants-Montjuïc,11,el Poble Sec,Consorci o fundació amb presència administracions públiques,Sales d'arts escèniques de + 200 butaques,Sales d'arts escèniques,Arts escèniques,41.37131607578191,2.156970721858638
2024,Funcions,Mercat de les Flors (Sala Ovidi Montllor),37,,,03,Sants-Montjuïc,11,el Poble Sec,Consorci o fundació amb presència administracions públiques,Sales d'arts escèniques de + 200 butaques,Sales d'arts escèniques,Arts escèniques,41.37131607578191,2.156970721858638
2024,Aforament,Mercat de les Flors (Sala Ovidi Montllor),8860,,,03,Sants-Montjuïc,11,el Poble Sec,Consorci o fundació amb presència administracions públiques,Sales d'arts escèniques de + 200 butaques,Sales d'arts escèniques,Arts escèniques,41.37131607578191,2.156970721858638
2024,Entrades_Venudes,Mercat de les Flors (Sala Ovidi Montllor),6381,,,03,Sants-Montjuïc,11,el Poble Sec,Consorci o fundació amb presència administracions públiques,Sales d'arts escèniques de + 200 butaques,Sales d'arts escèniques,Arts escèniques,41.37131607578191,2.156970721858638
2024,Espectadors,Mercat de les Flors (Sala Ovidi Montllor),7475,,,03,Sants-Montjuïc,11,el Poble Sec,Consorci o fundació amb presència administracions públiques,Sales d'arts escèniques de + 200 butaques,Sales d'arts escèniques,Arts escèniques,41.37131607578191,2.156970721858638
2024,Espectacles,Mercat de les Flors (altres espais),1,,"Altres espais del Mercat de les Flors: Cúpula i Hall, Bacsteix, Plaça Margarida Xirgu i Sala Sebastià Gasch.",03,Sants-Montjuïc,11,el Poble Sec,Consorci o fundació amb presència administracions públiques,Espais de representacions escèniques,Sales d'arts escèniques,Arts escèniques,,
2024,Funcions,Mercat de les Flors (altres espais),3,,"Altres espais del Mercat de les Flors: Cúpula i Hall, Bacsteix, Plaça Margarida Xirgu i Sala Sebastià Gasch.",03,Sants-Montjuïc,11,el Poble Sec,Consorci o fundació amb presència administracions públiques,Espais de representacions escèniques,Sales d'arts escèniques,Arts escèniques,,
2024,Aforament,Mercat de les Flors (altres espais),675,,"Altres espais del Mercat de les Flors: Cúpula i Hall, Bacsteix, Plaça Margarida Xirgu i Sala Sebastià Gasch.",03,Sants-Montjuïc,11,el Poble Sec,Consorci o fundació amb presència administracions públiques,Espais de representacions escèniques,Sales d'arts escèniques,Arts escèniques,,
2024,Entrades_Venudes,Mercat de les Flors (altres espais),386,,"Altres espais del Mercat de les Flors: Cúpula i Hall, Bacsteix, Plaça Margarida Xirgu i Sala Sebastià Gasch.",03,Sants-Montjuïc,11,el Poble Sec,Consorci o fundació amb presència administracions públiques,Espais de representacions escèniques,Sales d'arts escèniques,Arts escèniques,,
2024,Espectadors,Mercat de les Flors (altres espais),447,,"Altres espais del Mercat de les Flors: Cúpula i Hall, Bacsteix, Plaça Margarida Xirgu i Sala Sebastià Gasch.",03,Sants-Montjuïc,11,el Poble Sec,Consorci o fundació amb presència administracions públiques,Espais de representacions escèniques,Sales d'arts escèniques,Arts escèniques,,
2024,Espectacles,Mooby Bosque ,4,,"L'any 2021, la sala 9 d'aquest cinema es converteix en una sala d'arts escèniques.",06,Gràcia,31,la Vila de Gràcia,Titularitat privada,Espais de representacions escèniques,Cinemes,Arts escèniques,41.40136605,2.151704124
2024,Funcions,Mooby Bosque ,137,,"L'any 2021, la sala 9 d'aquest cinema es converteix en una sala d'arts escèniques.",06,Gràcia,31,la Vila de Gràcia,Titularitat privada,Espais de representacions escèniques,Cinemes,Arts escèniques,41.40136605,2.151704124
2024,Aforament,Mooby Bosque ,40615,,"L'any 2021, la sala 9 d'aquest cinema es converteix en una sala d'arts escèniques.",06,Gràcia,31,la Vila de Gràcia,Titularitat privada,Espais de representacions escèniques,Cinemes,Arts escèniques,41.40136605,2.151704124
2024,Entrades_Venudes,Mooby Bosque ,23439,,"L'any 2021, la sala 9 d'aquest cinema es converteix en una sala d'arts escèniques.",06,Gràcia,31,la Vila de Gràcia,Titularitat privada,Espais de representacions escèniques,Cinemes,Arts escèniques,41.40136605,2.151704124
2024,Espectadors,Mooby Bosque ,24127,,"L'any 2021, la sala 9 d'aquest cinema es converteix en una sala d'arts escèniques.",06,Gràcia,31,la Vila de Gràcia,Titularitat privada,Espais de representacions escèniques,Cinemes,Arts escèniques,41.40136605,2.151704124
2024,Espectacles,Nau Ivanow,1,,,09,Sant Andreu,61,la Sagrera,Ajuntament de Barcelona,Sales d'arts escèniques de - 200 butaques,Fàbriques de Creació,Arts escèniques,41.420017781,2.18984937
2024,Funcions,Nau Ivanow,2,,,09,Sant Andreu,61,la Sagrera,Ajuntament de Barcelona,Sales d'arts escèniques de - 200 butaques,Fàbriques de Creació,Arts escèniques,41.420017781,2.18984937
2024,Aforament,Nau Ivanow,140,,,09,Sant Andreu,61,la Sagrera,Ajuntament de Barcelona,Sales d'arts escèniques de - 200 butaques,Fàbriques de Creació,Arts escèniques,41.420017781,2.18984937
2024,Entrades_Venudes,Nau Ivanow,32,,,09,Sant Andreu,61,la Sagrera,Ajuntament de Barcelona,Sales d'arts escèniques de - 200 butaques,Fàbriques de Creació,Arts escèniques,41.420017781,2.18984937
2024,Espectadors,Nau Ivanow,43,,,09,Sant Andreu,61,la Sagrera,Ajuntament de Barcelona,Sales d'arts escèniques de - 200 butaques,Fàbriques de Creació,Arts escèniques,41.420017781,2.18984937
2024,Espectacles,Paral·lel 62,1,,,02,Eixample,01,el Raval,Ajuntament de Barcelona,Sales d'arts escèniques de + 200 butaques,Sales de música en viu,Arts escèniques,41.375154356,2.169583037
2024,Funcions,Paral·lel 62,61,,,02,Eixample,01,el Raval,Ajuntament de Barcelona,Sales d'arts escèniques de + 200 butaques,Sales de música en viu,Arts escèniques,41.375154356,2.169583037
2024,Aforament,Paral·lel 62,42128,,,02,Eixample,01,el Raval,Ajuntament de Barcelona,Sales d'arts escèniques de + 200 butaques,Sales de música en viu,Arts escèniques,41.375154356,2.169583037
2024,Entrades_Venudes,Paral·lel 62,36584,,,02,Eixample,01,el Raval,Ajuntament de Barcelona,Sales d'arts escèniques de + 200 butaques,Sales de música en viu,Arts escèniques,41.375154356,2.169583037
2024,Espectadors,Paral·lel 62,37575,,,02,Eixample,01,el Raval,Ajuntament de Barcelona,Sales d'arts escèniques de + 200 butaques,Sales de música en viu,Arts escèniques,41.375154356,2.169583037
2024,Espectacles,Sala Ars Teatre,25,,,01,Ciutat Vella,04,"Sant Pere, Santa Caterina i la Ribera",Titularitat privada,Sales d'arts escèniques de - 200 butaques,Sales d'arts escèniques,Arts escèniques,41.3884888,2.1738805
2024,Funcions,Sala Ars Teatre,563,,,01,Ciutat Vella,04,"Sant Pere, Santa Caterina i la Ribera",Titularitat privada,Sales d'arts escèniques de - 200 butaques,Sales d'arts escèniques,Arts escèniques,41.3884888,2.1738805
2024,Aforament,Sala Ars Teatre,93165,,,01,Ciutat Vella,04,"Sant Pere, Santa Caterina i la Ribera",Titularitat privada,Sales d'arts escèniques de - 200 butaques,Sales d'arts escèniques,Arts escèniques,41.3884888,2.1738805
2024,Entrades_Venudes,Sala Ars Teatre,44604,,,01,Ciutat Vella,04,"Sant Pere, Santa Caterina i la Ribera",Titularitat privada,Sales d'arts escèniques de - 200 butaques,Sales d'arts escèniques,Arts escèniques,41.3884888,2.1738805
2024,Espectadors,Sala Ars Teatre,45204,,,01,Ciutat Vella,04,"Sant Pere, Santa Caterina i la Ribera",Titularitat privada,Sales d'arts escèniques de - 200 butaques,Sales d'arts escèniques,Arts escèniques,41.3884888,2.1738805
2024,Espectacles,Sala Atrium,10,,,02,Eixample,07,la Dreta de l'Eixample,Titularitat privada,Sales d'arts escèniques de - 200 butaques,Sales d'arts escèniques,Arts escèniques,41.397263538,2.173739616
2024,Funcions,Sala Atrium,188,,,02,Eixample,07,la Dreta de l'Eixample,Titularitat privada,Sales d'arts escèniques de - 200 butaques,Sales d'arts escèniques,Arts escèniques,41.397263538,2.173739616
2024,Aforament,Sala Atrium,10305,,,02,Eixample,07,la Dreta de l'Eixample,Titularitat privada,Sales d'arts escèniques de - 200 butaques,Sales d'arts escèniques,Arts escèniques,41.397263538,2.173739616
2024,Entrades_Venudes,Sala Atrium,4449,,,02,Eixample,07,la Dreta de l'Eixample,Titularitat privada,Sales d'arts escèniques de - 200 butaques,Sales d'arts escèniques,Arts escèniques,41.397263538,2.173739616
2024,Espectadors,Sala Atrium,6125,,,02,Eixample,07,la Dreta de l'Eixample,Titularitat privada,Sales d'arts escèniques de - 200 butaques,Sales d'arts escèniques,Arts escèniques,41.397263538,2.173739616
2024,Espectacles,Sala Beckett,30,,,10,Sant Martí,68,el Poblenou,Ajuntament de Barcelona,Sales d'arts escèniques de - 200 butaques,Fàbriques de Creació,Arts escèniques,41.404734,2.199518
2024,Funcions,Sala Beckett,320,,,10,Sant Martí,68,el Poblenou,Ajuntament de Barcelona,Sales d'arts escèniques de - 200 butaques,Fàbriques de Creació,Arts escèniques,41.404734,2.199518
2024,Aforament,Sala Beckett,50920,,,10,Sant Martí,68,el Poblenou,Ajuntament de Barcelona,Sales d'arts escèniques de - 200 butaques,Fàbriques de Creació,Arts escèniques,41.404734,2.199518
2024,Entrades_Venudes,Sala Beckett,35222,,,10,Sant Martí,68,el Poblenou,Ajuntament de Barcelona,Sales d'arts escèniques de - 200 butaques,Fàbriques de Creació,Arts escèniques,41.404734,2.199518
2024,Espectadors,Sala Beckett,39318,,,10,Sant Martí,68,el Poblenou,Ajuntament de Barcelona,Sales d'arts escèniques de - 200 butaques,Fàbriques de Creació,Arts escèniques,41.404734,2.199518
2024,Espectacles,Sala Flyhard,6,,,03,Sants-Montjuïc,18,Sants,Titularitat privada,Sales d'arts escèniques de - 200 butaques,Sales d'arts escèniques,Arts escèniques,41.371816,2.1408658
2024,Funcions,Sala Flyhard,216,,,03,Sants-Montjuïc,18,Sants,Titularitat privada,Sales d'arts escèniques de - 200 butaques,Sales d'arts escèniques,Arts escèniques,41.371816,2.1408658
2024,Aforament,Sala Flyhard,9084,,,03,Sants-Montjuïc,18,Sants,Titularitat privada,Sales d'arts escèniques de - 200 butaques,Sales d'arts escèniques,Arts escèniques,41.371816,2.1408658
2024,Entrades_Venudes,Sala Flyhard,7023,,,03,Sants-Montjuïc,18,Sants,Titularitat privada,Sales d'arts escèniques de - 200 butaques,Sales d'arts escèniques,Arts escèniques,41.371816,2.1408658
2024,Espectadors,Sala Flyhard,8105,,,03,Sants-Montjuïc,18,Sants,Titularitat privada,Sales d'arts escèniques de - 200 butaques,Sales d'arts escèniques,Arts escèniques,41.371816,2.1408658
2024,Espectacles,Sala Fènix,25,,,01,Ciutat Vella,01,el Raval,Titularitat privada,Sales d'arts escèniques de - 200 butaques,Sales d'arts escèniques,Arts escèniques,41.3777431,2.1690638
2024,Funcions,Sala Fènix,194,,,01,Ciutat Vella,01,el Raval,Titularitat privada,Sales d'arts escèniques de - 200 butaques,Sales d'arts escèniques,Arts escèniques,41.3777431,2.1690638
2024,Aforament,Sala Fènix,7650,,,01,Ciutat Vella,01,el Raval,Titularitat privada,Sales d'arts escèniques de - 200 butaques,Sales d'arts escèniques,Arts escèniques,41.3777431,2.1690638
2024,Entrades_Venudes,Sala Fènix,4323,,,01,Ciutat Vella,01,el Raval,Titularitat privada,Sales d'arts escèniques de - 200 butaques,Sales d'arts escèniques,Arts escèniques,41.3777431,2.1690638
2024,Espectadors,Sala Fènix,5616,,,01,Ciutat Vella,01,el Raval,Titularitat privada,Sales d'arts escèniques de - 200 butaques,Sales d'arts escèniques,Arts escèniques,41.3777431,2.1690638
2024,Espectacles,Sala Versus Glòries,15,,,02,Eixample,05,el Fort Pienc,Titularitat privada,Sales d'arts escèniques de - 200 butaques,Sales d'arts escèniques,Arts escèniques,41.402080107,2.183906477
2024,Funcions,Sala Versus Glòries,206,,,02,Eixample,05,el Fort Pienc,Titularitat privada,Sales d'arts escèniques de - 200 butaques,Sales d'arts escèniques,Arts escèniques,41.402080107,2.183906477
2024,Aforament,Sala Versus Glòries,17981,,,02,Eixample,05,el Fort Pienc,Titularitat privada,Sales d'arts escèniques de - 200 butaques,Sales d'arts escèniques,Arts escèniques,41.402080107,2.183906477
2024,Entrades_Venudes,Sala Versus Glòries,8877,,,02,Eixample,05,el Fort Pienc,Titularitat privada,Sales d'arts escèniques de - 200 butaques,Sales d'arts escèniques,Arts escèniques,41.402080107,2.183906477
2024,Espectadors,Sala Versus Glòries,11535,,,02,Eixample,05,el Fort Pienc,Titularitat privada,Sales d'arts escèniques de - 200 butaques,Sales d'arts escèniques,Arts escèniques,41.402080107,2.183906477
2024,Espectacles,Teatre Akadèmia,11,,,02,Eixample,08,l'Antiga Esquerra de l'Eixample,Titularitat privada,Sales d'arts escèniques de - 200 butaques,Sales d'arts escèniques,Arts escèniques,41.392700831,2.147273481
2024,Funcions,Teatre Akadèmia,171,,,02,Eixample,08,l'Antiga Esquerra de l'Eixample,Titularitat privada,Sales d'arts escèniques de - 200 butaques,Sales d'arts escèniques,Arts escèniques,41.392700831,2.147273481
2024,Aforament,Teatre Akadèmia,14406,,,02,Eixample,08,l'Antiga Esquerra de l'Eixample,Titularitat privada,Sales d'arts escèniques de - 200 butaques,Sales d'arts escèniques,Arts escèniques,41.392700831,2.147273481
2024,Entrades_Venudes,Teatre Akadèmia,10518,,,02,Eixample,08,l'Antiga Esquerra de l'Eixample,Titularitat privada,Sales d'arts escèniques de - 200 butaques,Sales d'arts escèniques,Arts escèniques,41.392700831,2.147273481
2024,Espectadors,Teatre Akadèmia,12648,,,02,Eixample,08,l'Antiga Esquerra de l'Eixample,Titularitat privada,Sales d'arts escèniques de - 200 butaques,Sales d'arts escèniques,Arts escèniques,41.392700831,2.147273481
2024,Espectacles,Teatre Apolo,30,,,03,Sants-Montjuïc,11,el Poble Sec,Titularitat privada,Sales d'arts escèniques de + 200 butaques,Sales d'arts escèniques,Arts escèniques,41.374764425,2.170308608
2024,Funcions,Teatre Apolo,445,,,03,Sants-Montjuïc,11,el Poble Sec,Titularitat privada,Sales d'arts escèniques de + 200 butaques,Sales d'arts escèniques,Arts escèniques,41.374764425,2.170308608
2024,Aforament,Teatre Apolo,442330,,,03,Sants-Montjuïc,11,el Poble Sec,Titularitat privada,Sales d'arts escèniques de + 200 butaques,Sales d'arts escèniques,Arts escèniques,41.374764425,2.170308608
2024,Entrades_Venudes,Teatre Apolo,129536,,,03,Sants-Montjuïc,11,el Poble Sec,Titularitat privada,Sales d'arts escèniques de + 200 butaques,Sales d'arts escèniques,Arts escèniques,41.374764425,2.170308608
2024,Espectadors,Teatre Apolo,134760,,,03,Sants-Montjuïc,11,el Poble Sec,Titularitat privada,Sales d'arts escèniques de + 200 butaques,Sales d'arts escèniques,Arts escèniques,41.374764425,2.170308608
2024,Espectacles,Teatre Borràs,53,,,01,Ciutat Vella,04,"Sant Pere, Santa Caterina i la Ribera",Titularitat privada,Sales d'arts escèniques de + 200 butaques,Sales d'arts escèniques,Arts escèniques,41.388856627,2.17359927
2024,Funcions,Teatre Borràs,349,,,01,Ciutat Vella,04,"Sant Pere, Santa Caterina i la Ribera",Titularitat privada,Sales d'arts escèniques de + 200 butaques,Sales d'arts escèniques,Arts escèniques,41.388856627,2.17359927
2024,Aforament,Teatre Borràs,248553,,,01,Ciutat Vella,04,"Sant Pere, Santa Caterina i la Ribera",Titularitat privada,Sales d'arts escèniques de + 200 butaques,Sales d'arts escèniques,Arts escèniques,41.388856627,2.17359927
2024,Entrades_Venudes,Teatre Borràs,121869,,,01,Ciutat Vella,04,"Sant Pere, Santa Caterina i la Ribera",Titularitat privada,Sales d'arts escèniques de + 200 butaques,Sales d'arts escèniques,Arts escèniques,41.388856627,2.17359927
2024,Espectadors,Teatre Borràs,129999,,,01,Ciutat Vella,04,"Sant Pere, Santa Caterina i la Ribera",Titularitat privada,Sales d'arts escèniques de + 200 butaques,Sales d'arts escèniques,Arts escèniques,41.388856627,2.17359927
2024,Espectacles,Teatre Condal,27,,,03,Sants-Montjuïc,11,el Poble Sec,Titularitat privada,Sales d'arts escèniques de + 200 butaques,Sales d'arts escèniques,Arts escèniques,41.3747758,2.164709963
2024,Funcions,Teatre Condal,372,,,03,Sants-Montjuïc,11,el Poble Sec,Titularitat privada,Sales d'arts escèniques de + 200 butaques,Sales d'arts escèniques,Arts escèniques,41.3747758,2.164709963
2024,Aforament,Teatre Condal,259443,,,03,Sants-Montjuïc,11,el Poble Sec,Titularitat privada,Sales d'arts escèniques de + 200 butaques,Sales d'arts escèniques,Arts escèniques,41.3747758,2.164709963
2024,Entrades_Venudes,Teatre Condal,161979,,,03,Sants-Montjuïc,11,el Poble Sec,Titularitat privada,Sales d'arts escèniques de + 200 butaques,Sales d'arts escèniques,Arts escèniques,41.3747758,2.164709963
2024,Espectadors,Teatre Condal,165844,,,03,Sants-Montjuïc,11,el Poble Sec,Titularitat privada,Sales d'arts escèniques de + 200 butaques,Sales d'arts escèniques,Arts escèniques,41.3747758,2.164709963
2024,Espectacles,Teatre Cúpula Arenas Barcelona,1,,,03,Sants-Montjuïc,09,la Nova Esquerra de l'Eixample,Titularitat privada,Sales d'arts escèniques de + 200 butaques,Sales d'arts escèniques,Arts escèniques,41.37520013735237,2.1491028097093614
2024,Funcions,Teatre Cúpula Arenas Barcelona,7,,,03,Sants-Montjuïc,09,la Nova Esquerra de l'Eixample,Titularitat privada,Sales d'arts escèniques de + 200 butaques,Sales d'arts escèniques,Arts escèniques,41.37520013735237,2.1491028097093614
2024,Aforament,Teatre Cúpula Arenas Barcelona,9240,,,03,Sants-Montjuïc,09,la Nova Esquerra de l'Eixample,Titularitat privada,Sales d'arts escèniques de + 200 butaques,Sales d'arts escèniques,Arts escèniques,41.37520013735237,2.1491028097093614
2024,Entrades_Venudes,Teatre Cúpula Arenas Barcelona,3624,,,03,Sants-Montjuïc,09,la Nova Esquerra de l'Eixample,Titularitat privada,Sales d'arts escèniques de + 200 butaques,Sales d'arts escèniques,Arts escèniques,41.37520013735237,2.1491028097093614
2024,Espectadors,Teatre Cúpula Arenas Barcelona,4054,,,03,Sants-Montjuïc,09,la Nova Esquerra de l'Eixample,Titularitat privada,Sales d'arts escèniques de + 200 butaques,Sales d'arts escèniques,Arts escèniques,41.37520013735237,2.1491028097093614
2024,Espectacles,Teatre Eòlia,21,,,02,Eixample,07,la Dreta de l'Eixample,Titularitat privada,Sales d'arts escèniques de - 200 butaques,Sales d'arts escèniques,Arts escèniques,41.39241326,2.17637066
2024,Funcions,Teatre Eòlia,170,,,02,Eixample,07,la Dreta de l'Eixample,Titularitat privada,Sales d'arts escèniques de - 200 butaques,Sales d'arts escèniques,Arts escèniques,41.39241326,2.17637066
2024,Aforament,Teatre Eòlia,11779,,,02,Eixample,07,la Dreta de l'Eixample,Titularitat privada,Sales d'arts escèniques de - 200 butaques,Sales d'arts escèniques,Arts escèniques,41.39241326,2.17637066
2024,Entrades_Venudes,Teatre Eòlia,6045,,,02,Eixample,07,la Dreta de l'Eixample,Titularitat privada,Sales d'arts escèniques de - 200 butaques,Sales d'arts escèniques,Arts escèniques,41.39241326,2.17637066
2024,Espectadors,Teatre Eòlia,7670,,,02,Eixample,07,la Dreta de l'Eixample,Titularitat privada,Sales d'arts escèniques de - 200 butaques,Sales d'arts escèniques,Arts escèniques,41.39241326,2.17637066
2024,Espectacles,Teatre Gaudí Barcelona (Sala Gran),14,,,02,Eixample,06,la Sagrada Família,Titularitat privada,Sales d'arts escèniques de - 200 butaques,Sales d'arts escèniques,Arts escèniques,41.407429352,2.169502763
2024,Funcions,Teatre Gaudí Barcelona (Sala Gran),236,,,02,Eixample,06,la Sagrada Família,Titularitat privada,Sales d'arts escèniques de - 200 butaques,Sales d'arts escèniques,Arts escèniques,41.407429352,2.169502763
2024,Aforament,Teatre Gaudí Barcelona (Sala Gran),29756,,,02,Eixample,06,la Sagrada Família,Titularitat privada,Sales d'arts escèniques de - 200 butaques,Sales d'arts escèniques,Arts escèniques,41.407429352,2.169502763
2024,Entrades_Venudes,Teatre Gaudí Barcelona (Sala Gran),11408,,,02,Eixample,06,la Sagrada Família,Titularitat privada,Sales d'arts escèniques de - 200 butaques,Sales d'arts escèniques,Arts escèniques,41.407429352,2.169502763
2024,Espectadors,Teatre Gaudí Barcelona (Sala Gran),13762,,,02,Eixample,06,la Sagrada Família,Titularitat privada,Sales d'arts escèniques de - 200 butaques,Sales d'arts escèniques,Arts escèniques,41.407429352,2.169502763
2024,Espectacles,Teatre Gaudí Barcelona (Sala Petita),8,,,02,Eixample,06,la Sagrada Família,Titularitat privada,Sales d'arts escèniques de - 200 butaques,Sales d'arts escèniques,Arts escèniques,41.407429352,2.169502763
2024,Funcions,Teatre Gaudí Barcelona (Sala Petita),92,,,02,Eixample,06,la Sagrada Família,Titularitat privada,Sales d'arts escèniques de - 200 butaques,Sales d'arts escèniques,Arts escèniques,41.407429352,2.169502763
2024,Aforament,Teatre Gaudí Barcelona (Sala Petita),3135,,,02,Eixample,06,la Sagrada Família,Titularitat privada,Sales d'arts escèniques de - 200 butaques,Sales d'arts escèniques,Arts escèniques,41.407429352,2.169502763
2024,Entrades_Venudes,Teatre Gaudí Barcelona (Sala Petita),1854,,,02,Eixample,06,la Sagrada Família,Titularitat privada,Sales d'arts escèniques de - 200 butaques,Sales d'arts escèniques,Arts escèniques,41.407429352,2.169502763
2024,Espectadors,Teatre Gaudí Barcelona (Sala Petita),2404,,,02,Eixample,06,la Sagrada Família,Titularitat privada,Sales d'arts escèniques de - 200 butaques,Sales d'arts escèniques,Arts escèniques,41.407429352,2.169502763
2024,Espectacles,Teatre Goya,17,,,01,Ciutat Vella,01,el Raval,Titularitat privada,Sales d'arts escèniques de + 200 butaques,Sales d'arts escèniques,Arts escèniques,41.384184369,2.16467162
2024,Funcions,Teatre Goya,388,,,01,Ciutat Vella,01,el Raval,Titularitat privada,Sales d'arts escèniques de + 200 butaques,Sales d'arts escèniques,Arts escèniques,41.384184369,2.16467162
2024,Aforament,Teatre Goya,202082,,,01,Ciutat Vella,01,el Raval,Titularitat privada,Sales d'arts escèniques de + 200 butaques,Sales d'arts escèniques,Arts escèniques,41.384184369,2.16467162
2024,Entrades_Venudes,Teatre Goya,145452,,,01,Ciutat Vella,01,el Raval,Titularitat privada,Sales d'arts escèniques de + 200 butaques,Sales d'arts escèniques,Arts escèniques,41.384184369,2.16467162
2024,Espectadors,Teatre Goya,151854,,,01,Ciutat Vella,01,el Raval,Titularitat privada,Sales d'arts escèniques de + 200 butaques,Sales d'arts escèniques,Arts escèniques,41.384184369,2.16467162
2024,Espectacles,Teatre Grec,11,,,03,Sants-Montjuïc,11,el Poble Sec,Ajuntament de Barcelona,Espais de representacions escèniques,Sales d'arts escèniques,Arts escèniques,41.3695356,2.1598196
2024,Funcions,Teatre Grec,21,,,03,Sants-Montjuïc,11,el Poble Sec,Ajuntament de Barcelona,Espais de representacions escèniques,Sales d'arts escèniques,Arts escèniques,41.3695356,2.1598196
2024,Aforament,Teatre Grec,40578,,,03,Sants-Montjuïc,11,el Poble Sec,Ajuntament de Barcelona,Espais de representacions escèniques,Sales d'arts escèniques,Arts escèniques,41.3695356,2.1598196
2024,Entrades_Venudes,Teatre Grec,35538,,,03,Sants-Montjuïc,11,el Poble Sec,Ajuntament de Barcelona,Espais de representacions escèniques,Sales d'arts escèniques,Arts escèniques,41.3695356,2.1598196
2024,Espectadors,Teatre Grec,39536,,,03,Sants-Montjuïc,11,el Poble Sec,Ajuntament de Barcelona,Espais de representacions escèniques,Sales d'arts escèniques,Arts escèniques,41.3695356,2.1598196
2024,Espectacles,Teatre La Biblioteca,8,,,01,Ciutat Vella,01,el Raval,Ajuntament de Barcelona,Sales d'arts escèniques de - 200 butaques,Sales d'arts escèniques,Arts escèniques,41.3807945,2.1700774
2024,Funcions,Teatre La Biblioteca,201,,,01,Ciutat Vella,01,el Raval,Ajuntament de Barcelona,Sales d'arts escèniques de - 200 butaques,Sales d'arts escèniques,Arts escèniques,41.3807945,2.1700774
2024,Aforament,Teatre La Biblioteca,42509,,,01,Ciutat Vella,01,el Raval,Ajuntament de Barcelona,Sales d'arts escèniques de - 200 butaques,Sales d'arts escèniques,Arts escèniques,41.3807945,2.1700774
2024,Entrades_Venudes,Teatre La Biblioteca,38328,,,01,Ciutat Vella,01,el Raval,Ajuntament de Barcelona,Sales d'arts escèniques de - 200 butaques,Sales d'arts escèniques,Arts escèniques,41.3807945,2.1700774
2024,Espectadors,Teatre La Biblioteca,40502,,,01,Ciutat Vella,01,el Raval,Ajuntament de Barcelona,Sales d'arts escèniques de - 200 butaques,Sales d'arts escèniques,Arts escèniques,41.3807945,2.1700774
2024,Espectacles,Teatre Lliure (Espai Lliure),14,,,03,Sants-Montjuïc,11,el Poble Sec,Consorci o fundació amb presència administracions públiques,Sales d'arts escèniques de - 200 butaques,Sales d'arts escèniques,Arts escèniques,41.37049448489571,2.157703716976086
2024,Funcions,Teatre Lliure (Espai Lliure),139,,,03,Sants-Montjuïc,11,el Poble Sec,Consorci o fundació amb presència administracions públiques,Sales d'arts escèniques de - 200 butaques,Sales d'arts escèniques,Arts escèniques,41.37049448489571,2.157703716976086
2024,Aforament,Teatre Lliure (Espai Lliure),12637,,,03,Sants-Montjuïc,11,el Poble Sec,Consorci o fundació amb presència administracions públiques,Sales d'arts escèniques de - 200 butaques,Sales d'arts escèniques,Arts escèniques,41.37049448489571,2.157703716976086
2024,Entrades_Venudes,Teatre Lliure (Espai Lliure),8771,,,03,Sants-Montjuïc,11,el Poble Sec,Consorci o fundació amb presència administracions públiques,Sales d'arts escèniques de - 200 butaques,Sales d'arts escèniques,Arts escèniques,41.37049448489571,2.157703716976086
2024,Espectadors,Teatre Lliure (Espai Lliure),10775,,,03,Sants-Montjuïc,11,el Poble Sec,Consorci o fundació amb presència administracions públiques,Sales d'arts escèniques de - 200 butaques,Sales d'arts escèniques,Arts escèniques,41.37049448489571,2.157703716976086
2024,Espectacles,Teatre Lliure (Gràcia),10,,,06,Gràcia,31,la Vila de Gràcia,Consorci o fundació amb presència administracions públiques,Sales d'arts escèniques de + 200 butaques,Sales d'arts escèniques,Arts escèniques,41.40272988,2.156013379
2024,Funcions,Teatre Lliure (Gràcia),149,,,06,Gràcia,31,la Vila de Gràcia,Consorci o fundació amb presència administracions públiques,Sales d'arts escèniques de + 200 butaques,Sales d'arts escèniques,Arts escèniques,41.40272988,2.156013379
2024,Aforament,Teatre Lliure (Gràcia),27418,,,06,Gràcia,31,la Vila de Gràcia,Consorci o fundació amb presència administracions públiques,Sales d'arts escèniques de + 200 butaques,Sales d'arts escèniques,Arts escèniques,41.40272988,2.156013379
2024,Entrades_Venudes,Teatre Lliure (Gràcia),22438,,,06,Gràcia,31,la Vila de Gràcia,Consorci o fundació amb presència administracions públiques,Sales d'arts escèniques de + 200 butaques,Sales d'arts escèniques,Arts escèniques,41.40272988,2.156013379
2024,Espectadors,Teatre Lliure (Gràcia),26186,,,06,Gràcia,31,la Vila de Gràcia,Consorci o fundació amb presència administracions públiques,Sales d'arts escèniques de + 200 butaques,Sales d'arts escèniques,Arts escèniques,41.40272988,2.156013379
2024,Espectacles,Teatre Lliure (Sala Fabià Puigserver),19,,,03,Sants-Montjuïc,11,el Poble Sec,Consorci o fundació amb presència administracions públiques,Sales d'arts escèniques de + 200 butaques,Sales d'arts escèniques,Arts escèniques,41.37050656210143,2.157267858047798
2024,Funcions,Teatre Lliure (Sala Fabià Puigserver),167,,,03,Sants-Montjuïc,11,el Poble Sec,Consorci o fundació amb presència administracions públiques,Sales d'arts escèniques de + 200 butaques,Sales d'arts escèniques,Arts escèniques,41.37050656210143,2.157267858047798
2024,Aforament,Teatre Lliure (Sala Fabià Puigserver),83549,,,03,Sants-Montjuïc,11,el Poble Sec,Consorci o fundació amb presència administracions públiques,Sales d'arts escèniques de + 200 butaques,Sales d'arts escèniques,Arts escèniques,41.37050656210143,2.157267858047798
2024,Entrades_Venudes,Teatre Lliure (Sala Fabià Puigserver),64468,,,03,Sants-Montjuïc,11,el Poble Sec,Consorci o fundació amb presència administracions públiques,Sales d'arts escèniques de + 200 butaques,Sales d'arts escèniques,Arts escèniques,41.37050656210143,2.157267858047798
2024,Espectadors,Teatre Lliure (Sala Fabià Puigserver),71915,,,03,Sants-Montjuïc,11,el Poble Sec,Consorci o fundació amb presència administracions públiques,Sales d'arts escèniques de + 200 butaques,Sales d'arts escèniques,Arts escèniques,41.37050656210143,2.157267858047798
2024,Espectacles,Teatre Nacional de Catalunya (Sala Gran),7,,,02,Eixample,05,el Fort Pienc,Altres administracions públiques,Sales d'arts escèniques de + 200 butaques,Sales d'arts escèniques,Arts escèniques,41.399686263,2.186087865
2024,Funcions,Teatre Nacional de Catalunya (Sala Gran),122,,,02,Eixample,05,el Fort Pienc,Altres administracions públiques,Sales d'arts escèniques de + 200 butaques,Sales d'arts escèniques,Arts escèniques,41.399686263,2.186087865
2024,Aforament,Teatre Nacional de Catalunya (Sala Gran),97429,,,02,Eixample,05,el Fort Pienc,Altres administracions públiques,Sales d'arts escèniques de + 200 butaques,Sales d'arts escèniques,Arts escèniques,41.399686263,2.186087865
2024,Entrades_Venudes,Teatre Nacional de Catalunya (Sala Gran),79823,,,02,Eixample,05,el Fort Pienc,Altres administracions públiques,Sales d'arts escèniques de + 200 butaques,Sales d'arts escèniques,Arts escèniques,41.399686263,2.186087865
2024,Espectadors,Teatre Nacional de Catalunya (Sala Gran),87098,,,02,Eixample,05,el Fort Pienc,Altres administracions públiques,Sales d'arts escèniques de + 200 butaques,Sales d'arts escèniques,Arts escèniques,41.399686263,2.186087865
2024,Funcions,Teatre Nacional de Catalunya (Sala Petita),117,,,02,Eixample,05,el Fort Pienc,Altres administracions públiques,Sales d'arts escèniques de + 200 butaques,Sales d'arts escèniques,Arts escèniques,41.399686263,2.186087865
2024,Espectacles,Teatre Nacional de Catalunya (Sala Petita),8,,,02,Eixample,05,el Fort Pienc,Altres administracions públiques,Sales d'arts escèniques de + 200 butaques,Sales d'arts escèniques,Arts escèniques,41.399686263,2.186087865
2024,Entrades_Venudes,Teatre Nacional de Catalunya (Sala Petita),20976,,,02,Eixample,05,el Fort Pienc,Altres administracions públiques,Sales d'arts escèniques de + 200 butaques,Sales d'arts escèniques,Arts escèniques,41.399686263,2.186087865
2024,Espectadors,Teatre Nacional de Catalunya (Sala Petita),24166,,,02,Eixample,05,el Fort Pienc,Altres administracions públiques,Sales d'arts escèniques de + 200 butaques,Sales d'arts escèniques,Arts escèniques,41.399686263,2.186087865
2024,Aforament,Teatre Nacional de Catalunya (Sala Petita),29552,,,02,Eixample,05,el Fort Pienc,Altres administracions públiques,Sales d'arts escèniques de + 200 butaques,Sales d'arts escèniques,Arts escèniques,41.399686263,2.186087865
2024,Espectacles,Teatre Nacional de Catalunya (Sala Tallers),12,,,02,Eixample,05,el Fort Pienc,Altres administracions públiques,Sales d'arts escèniques de + 200 butaques,Sales d'arts escèniques,Arts escèniques,41.399686263,2.186087865
2024,Funcions,Teatre Nacional de Catalunya (Sala Tallers),90,,,02,Eixample,05,el Fort Pienc,Altres administracions públiques,Sales d'arts escèniques de + 200 butaques,Sales d'arts escèniques,Arts escèniques,41.399686263,2.186087865
2024,Aforament,Teatre Nacional de Catalunya (Sala Tallers),18926,,,02,Eixample,05,el Fort Pienc,Altres administracions públiques,Sales d'arts escèniques de + 200 butaques,Sales d'arts escèniques,Arts escèniques,41.399686263,2.186087865
2024,Entrades_Venudes,Teatre Nacional de Catalunya (Sala Tallers),11796,,,02,Eixample,05,el Fort Pienc,Altres administracions públiques,Sales d'arts escèniques de + 200 butaques,Sales d'arts escèniques,Arts escèniques,41.399686263,2.186087865
2024,Espectadors,Teatre Nacional de Catalunya (Sala Tallers),14005,,,02,Eixample,05,el Fort Pienc,Altres administracions públiques,Sales d'arts escèniques de + 200 butaques,Sales d'arts escèniques,Arts escèniques,41.399686263,2.186087865
2024,Espectacles,Teatre Nacional de Catalunya (altres espais),13,,,02,Eixample,05,el Fort Pienc,Altres administracions públiques,Espais de representacions escèniques,Sales d'arts escèniques,Arts escèniques,,
2024,Funcions,Teatre Nacional de Catalunya (altres espais),104,,,02,Eixample,05,el Fort Pienc,Altres administracions públiques,Espais de representacions escèniques,Sales d'arts escèniques,Arts escèniques,,
2024,Aforament,Teatre Nacional de Catalunya (altres espais),7146,,,02,Eixample,05,el Fort Pienc,Altres administracions públiques,Espais de representacions escèniques,Sales d'arts escèniques,Arts escèniques,,
2024,Entrades_Venudes,Teatre Nacional de Catalunya (altres espais),4958,,,02,Eixample,05,el Fort Pienc,Altres administracions públiques,Espais de representacions escèniques,Sales d'arts escèniques,Arts escèniques,,
2024,Espectadors,Teatre Nacional de Catalunya (altres espais),5978,,,02,Eixample,05,el Fort Pienc,Altres administracions públiques,Espais de representacions escèniques,Sales d'arts escèniques,Arts escèniques,,
2024,Espectacles,Teatre Poliorama,38,,,01,Ciutat Vella,01,el Raval,Titularitat privada,Sales d'arts escèniques de + 200 butaques,Sales d'arts escèniques,Arts escèniques,41.384144463,2.17072315
2024,Funcions,Teatre Poliorama,395,,,01,Ciutat Vella,01,el Raval,Titularitat privada,Sales d'arts escèniques de + 200 butaques,Sales d'arts escèniques,Arts escèniques,41.384144463,2.17072315
2024,Aforament,Teatre Poliorama,278488,,,01,Ciutat Vella,01,el Raval,Titularitat privada,Sales d'arts escèniques de + 200 butaques,Sales d'arts escèniques,Arts escèniques,41.384144463,2.17072315
2024,Entrades_Venudes,Teatre Poliorama,148988,,,01,Ciutat Vella,01,el Raval,Titularitat privada,Sales d'arts escèniques de + 200 butaques,Sales d'arts escèniques,Arts escèniques,41.384144463,2.17072315
2024,Espectadors,Teatre Poliorama,165699,,,01,Ciutat Vella,01,el Raval,Titularitat privada,Sales d'arts escèniques de + 200 butaques,Sales d'arts escèniques,Arts escèniques,41.384144463,2.17072315
2024,Espectacles,Teatre Romea,19,,,01,Ciutat Vella,01,el Raval,Titularitat privada,Sales d'arts escèniques de + 200 butaques,Sales d'arts escèniques,Arts escèniques,41.380553512,2.171064836
2024,Funcions,Teatre Romea,310,,,01,Ciutat Vella,01,el Raval,Titularitat privada,Sales d'arts escèniques de + 200 butaques,Sales d'arts escèniques,Arts escèniques,41.380553512,2.171064836
2024,Aforament,Teatre Romea,192074,,,01,Ciutat Vella,01,el Raval,Titularitat privada,Sales d'arts escèniques de + 200 butaques,Sales d'arts escèniques,Arts escèniques,41.380553512,2.171064836
2024,Entrades_Venudes,Teatre Romea,101081,,,01,Ciutat Vella,01,el Raval,Titularitat privada,Sales d'arts escèniques de + 200 butaques,Sales d'arts escèniques,Arts escèniques,41.380553512,2.171064836
2024,Espectadors,Teatre Romea,107524,,,01,Ciutat Vella,01,el Raval,Titularitat privada,Sales d'arts escèniques de + 200 butaques,Sales d'arts escèniques,Arts escèniques,41.380553512,2.171064836
2024,Espectacles,Teatre Tantarantana (sala planta baixa),17,,,01,Ciutat Vella,01,el Raval,Ajuntament de Barcelona,Sales d'arts escèniques de - 200 butaques,Fàbriques de Creació,Arts escèniques,41.375938056,2.16736111
2024,Funcions,Teatre Tantarantana (sala planta baixa),196,,,01,Ciutat Vella,01,el Raval,Ajuntament de Barcelona,Sales d'arts escèniques de - 200 butaques,Fàbriques de Creació,Arts escèniques,41.375938056,2.16736111
2024,Aforament,Teatre Tantarantana (sala planta baixa),20933,,,01,Ciutat Vella,01,el Raval,Ajuntament de Barcelona,Sales d'arts escèniques de - 200 butaques,Fàbriques de Creació,Arts escèniques,41.375938056,2.16736111
2024,Entrades_Venudes,Teatre Tantarantana (sala planta baixa),10676,,,01,Ciutat Vella,01,el Raval,Ajuntament de Barcelona,Sales d'arts escèniques de - 200 butaques,Fàbriques de Creació,Arts escèniques,41.375938056,2.16736111
2024,Espectadors,Teatre Tantarantana (sala planta baixa),12181,,,01,Ciutat Vella,01,el Raval,Ajuntament de Barcelona,Sales d'arts escèniques de - 200 butaques,Fàbriques de Creació,Arts escèniques,41.375938056,2.16736111
2024,Espectacles,Teatre Tantarantana (Àtic 22),16,,,01,Ciutat Vella,01,el Raval,Ajuntament de Barcelona,Sales d'arts escèniques de - 200 butaques,Fàbriques de Creació,Arts escèniques,41.375938056,2.16736111
2024,Funcions,Teatre Tantarantana (Àtic 22),148,,,01,Ciutat Vella,01,el Raval,Ajuntament de Barcelona,Sales d'arts escèniques de - 200 butaques,Fàbriques de Creació,Arts escèniques,41.375938056,2.16736111
2024,Aforament,Teatre Tantarantana (Àtic 22),6317,,,01,Ciutat Vella,01,el Raval,Ajuntament de Barcelona,Sales d'arts escèniques de - 200 butaques,Fàbriques de Creació,Arts escèniques,41.375938056,2.16736111
2024,Entrades_Venudes,Teatre Tantarantana (Àtic 22),3604,,,01,Ciutat Vella,01,el Raval,Ajuntament de Barcelona,Sales d'arts escèniques de - 200 butaques,Fàbriques de Creació,Arts escèniques,41.375938056,2.16736111
2024,Espectadors,Teatre Tantarantana (Àtic 22),4327,,,01,Ciutat Vella,01,el Raval,Ajuntament de Barcelona,Sales d'arts escèniques de - 200 butaques,Fàbriques de Creació,Arts escèniques,41.375938056,2.16736111
2024,Espectacles,Teatre Tívoli,10,,,02,Eixample,07,la Dreta de l'Eixample,Titularitat privada,Sales d'arts escèniques de + 200 butaques,Sales d'arts escèniques,Arts escèniques,41.389052665,2.170720909
2024,Funcions,Teatre Tívoli,274,,,02,Eixample,07,la Dreta de l'Eixample,Titularitat privada,Sales d'arts escèniques de + 200 butaques,Sales d'arts escèniques,Arts escèniques,41.389052665,2.170720909
2024,Aforament,Teatre Tívoli,396925,,,02,Eixample,07,la Dreta de l'Eixample,Titularitat privada,Sales d'arts escèniques de + 200 butaques,Sales d'arts escèniques,Arts escèniques,41.389052665,2.170720909
2024,Entrades_Venudes,Teatre Tívoli,174429,,,02,Eixample,07,la Dreta de l'Eixample,Titularitat privada,Sales d'arts escèniques de + 200 butaques,Sales d'arts escèniques,Arts escèniques,41.389052665,2.170720909
2024,Espectadors,Teatre Tívoli,181388,,,02,Eixample,07,la Dreta de l'Eixample,Titularitat privada,Sales d'arts escèniques de + 200 butaques,Sales d'arts escèniques,Arts escèniques,41.389052665,2.170720909
2024,Espectacles,Teatre del Raval,32,,,01,Ciutat Vella,01,el Raval,Titularitat privada,Sales d'arts escèniques de - 200 butaques,Sales d'arts escèniques,Arts escèniques,41.379373252,2.165215007
2024,Funcions,Teatre del Raval,145,,,01,Ciutat Vella,01,el Raval,Titularitat privada,Sales d'arts escèniques de - 200 butaques,Sales d'arts escèniques,Arts escèniques,41.379373252,2.165215007
2024,Aforament,Teatre del Raval,20255,,,01,Ciutat Vella,01,el Raval,Titularitat privada,Sales d'arts escèniques de - 200 butaques,Sales d'arts escèniques,Arts escèniques,41.379373252,2.165215007
2024,Entrades_Venudes,Teatre del Raval,5341,,,01,Ciutat Vella,01,el Raval,Titularitat privada,Sales d'arts escèniques de - 200 butaques,Sales d'arts escèniques,Arts escèniques,41.379373252,2.165215007
2024,Espectadors,Teatre del Raval,6414,,,01,Ciutat Vella,01,el Raval,Titularitat privada,Sales d'arts escèniques de - 200 butaques,Sales d'arts escèniques,Arts escèniques,41.379373252,2.165215007
2024,Espectacles,Teatreneu (Sala Cafè Teatre),25,,,06,Gràcia,31,la Vila de Gràcia,Titularitat privada,Sales d'arts escèniques de - 200 butaques,Sales d'arts escèniques,Arts escèniques,41.4032522,2.158562702
2024,Funcions,Teatreneu (Sala Cafè Teatre),474,,,06,Gràcia,31,la Vila de Gràcia,Titularitat privada,Sales d'arts escèniques de - 200 butaques,Sales d'arts escèniques,Arts escèniques,41.4032522,2.158562702
2024,Aforament,Teatreneu (Sala Cafè Teatre),34006,,,06,Gràcia,31,la Vila de Gràcia,Titularitat privada,Sales d'arts escèniques de - 200 butaques,Sales d'arts escèniques,Arts escèniques,41.4032522,2.158562702
2024,Entrades_Venudes,Teatreneu (Sala Cafè Teatre),18143,,,06,Gràcia,31,la Vila de Gràcia,Titularitat privada,Sales d'arts escèniques de - 200 butaques,Sales d'arts escèniques,Arts escèniques,41.4032522,2.158562702
2024,Espectadors,Teatreneu (Sala Cafè Teatre),18533,,,06,Gràcia,31,la Vila de Gràcia,Titularitat privada,Sales d'arts escèniques de - 200 butaques,Sales d'arts escèniques,Arts escèniques,41.4032522,2.158562702
2024,Espectacles,Teatreneu (Sala Xavier Fàbregas),3,,,06,Gràcia,31,la Vila de Gràcia,Titularitat privada,Sales d'arts escèniques de + 200 butaques,Sales d'arts escèniques,Arts escèniques,41.4032522,2.158562702
2024,Funcions,Teatreneu (Sala Xavier Fàbregas),512,,,06,Gràcia,31,la Vila de Gràcia,Titularitat privada,Sales d'arts escèniques de + 200 butaques,Sales d'arts escèniques,Arts escèniques,41.4032522,2.158562702
2024,Aforament,Teatreneu (Sala Xavier Fàbregas),184656,,,06,Gràcia,31,la Vila de Gràcia,Titularitat privada,Sales d'arts escèniques de + 200 butaques,Sales d'arts escèniques,Arts escèniques,41.4032522,2.158562702
2024,Entrades_Venudes,Teatreneu (Sala Xavier Fàbregas),108987,,,06,Gràcia,31,la Vila de Gràcia,Titularitat privada,Sales d'arts escèniques de + 200 butaques,Sales d'arts escèniques,Arts escèniques,41.4032522,2.158562702
2024,Espectadors,Teatreneu (Sala Xavier Fàbregas),111907,,,06,Gràcia,31,la Vila de Gràcia,Titularitat privada,Sales d'arts escèniques de + 200 butaques,Sales d'arts escèniques,Arts escèniques,41.4032522,2.158562702
2024,Espectacles,Teatres del Farró- La Gleva,20,,,05,Sarrià-Sant Gervasi,27,el Putxet i el Farró,Titularitat privada,Sales d'arts escèniques de - 200 butaques,Sales d'arts escèniques,Arts escèniques,41.403173,2.146046
2024,Funcions,Teatres del Farró- La Gleva,217,,,05,Sarrià-Sant Gervasi,27,el Putxet i el Farró,Titularitat privada,Sales d'arts escèniques de - 200 butaques,Sales d'arts escèniques,Arts escèniques,41.403173,2.146046
2024,Aforament,Teatres del Farró- La Gleva,10084,,,05,Sarrià-Sant Gervasi,27,el Putxet i el Farró,Titularitat privada,Sales d'arts escèniques de - 200 butaques,Sales d'arts escèniques,Arts escèniques,41.403173,2.146046
2024,Entrades_Venudes,Teatres del Farró- La Gleva,6025,,,05,Sarrià-Sant Gervasi,27,el Putxet i el Farró,Titularitat privada,Sales d'arts escèniques de - 200 butaques,Sales d'arts escèniques,Arts escèniques,41.403173,2.146046
2024,Espectadors,Teatres del Farró- La Gleva,8298,,,05,Sarrià-Sant Gervasi,27,el Putxet i el Farró,Titularitat privada,Sales d'arts escèniques de - 200 butaques,Sales d'arts escèniques,Arts escèniques,41.403173,2.146046
2024,Espectacles,saT! Sant Andreu Teatre,55,,,09,Sant Andreu,60,Sant Andreu,Ajuntament de Barcelona,Sales d'arts escèniques de + 200 butaques,Sales d'arts escèniques,Arts escèniques,41.430583231,2.188904165
2024,Funcions,saT! Sant Andreu Teatre,247,,,09,Sant Andreu,60,Sant Andreu,Ajuntament de Barcelona,Sales d'arts escèniques de + 200 butaques,Sales d'arts escèniques,Arts escèniques,41.430583231,2.188904165
2024,Aforament,saT! Sant Andreu Teatre,65247,,,09,Sant Andreu,60,Sant Andreu,Ajuntament de Barcelona,Sales d'arts escèniques de + 200 butaques,Sales d'arts escèniques,Arts escèniques,41.430583231,2.188904165
2024,Entrades_Venudes,saT! Sant Andreu Teatre,44292,,,09,Sant Andreu,60,Sant Andreu,Ajuntament de Barcelona,Sales d'arts escèniques de + 200 butaques,Sales d'arts escèniques,Arts escèniques,41.430583231,2.188904165
2024,Espectadors,saT! Sant Andreu Teatre,49655,,,09,Sant Andreu,60,Sant Andreu,Ajuntament de Barcelona,Sales d'arts escèniques de + 200 butaques,Sales d'arts escèniques,Arts escèniques,41.430583231,2.188904165
