Any,Nom_Equipament,Seu,TitolExposicio,Visites,DataInici,DataFi,TipusProduccio,Codi_Districte,Nom_Districte,Codi_Barri,Nom_Barri,Titularitat,Entitat,Tipus_Equipament,Tipus_Us,Ambit,Latitud,Longitud,Web,Notes_Equipament
2024,Arxiu Fotogràfic de Barcelona,Arxiu Fotogràfic de Barcelona,Fotografia per a artistes. La col·lecció del dibuixant Josep Lluís Pellicer,4906,23/11/2023,19/05/2024,Pròpia,01, Ciutat Vella,04," Sant Pere, Santa Caterina i la Ribera",Ajuntament de Barcelona,Institut de Cultura. Ajuntament de Barcelona,Arxius i biblioteques patrimonials,Centres d'exposicions,Història i memòria,41.38687264,2.181806284,http://barcelona.cat/arxiufotografic,
2024,Arxiu Fotogràfic de Barcelona,Arxiu Fotogràfic de Barcelona,"Família, amics i fotografia. Entorn de l'espai fotografic de la llar",4040,13/06/2024,20/10/2024,Pròpia,01, Ciutat Vella,04," Sant Pere, Santa Caterina i la Ribera",Ajuntament de Barcelona,Institut de Cultura. Ajuntament de Barcelona,Arxius i biblioteques patrimonials,Centres d'exposicions,Història i memòria,41.38687264,2.181806284,http://barcelona.cat/arxiufotografic,
2024,CaixaForum,CaixaForum,SYMPHONY. Un viaje virtual al corazón de la música,,01/01/2023,31/01/2025,Pròpia,03, Sants-Montjuïc,14, la Font de la Guatlla,Titularitat privada,"Fundació Bancària Caixa d'Estalvis i Pensions de Barcelona, ""la Caixa""",Centres d'exposicions,Centres d'exposicions,Arts visuals,41.371294526,2.149575441,http://caixaforum.es/ca/barcelona,
2024,CaixaForum,CaixaForum,EL BOLERO DE RAVEL,,27/02/2023,31/12/2024,Pròpia,03, Sants-Montjuïc,14, la Font de la Guatlla,Titularitat privada,"Fundació Bancària Caixa d'Estalvis i Pensions de Barcelona, ""la Caixa""",Centres d'exposicions,Centres d'exposicions,Arts visuals,41.371294526,2.149575441,http://caixaforum.es/ca/barcelona,
2024,CaixaForum,CaixaForum,ART I NATURA (Centre Pompidou),,28/09/2023,14/01/2024,Coproducció,03, Sants-Montjuïc,14, la Font de la Guatlla,Titularitat privada,"Fundació Bancària Caixa d'Estalvis i Pensions de Barcelona, ""la Caixa""",Centres d'exposicions,Centres d'exposicions,Arts visuals,41.371294526,2.149575441,http://caixaforum.es/ca/barcelona,
2024,CaixaForum,CaixaForum,EL ARBOL DE LO QUE AÚN NO SABES. Colección FLC,,24/10/2023,11/02/2024,Pròpia,03, Sants-Montjuïc,14, la Font de la Guatlla,Titularitat privada,"Fundació Bancària Caixa d'Estalvis i Pensions de Barcelona, ""la Caixa""",Centres d'exposicions,Centres d'exposicions,Arts visuals,41.371294526,2.149575441,http://caixaforum.es/ca/barcelona,
2024,CaixaForum,CaixaForum,TOP SECRET. CINE Y ESPIONAJE. Cinémathèque Française,,23/11/2023,17/03/2024,Coproducció,03, Sants-Montjuïc,14, la Font de la Guatlla,Titularitat privada,"Fundació Bancària Caixa d'Estalvis i Pensions de Barcelona, ""la Caixa""",Centres d'exposicions,Centres d'exposicions,Arts visuals,41.371294526,2.149575441,http://caixaforum.es/ca/barcelona,
2024,CaixaForum,CaixaForum,Venerades i temudes. El poder femení en l'art i les creences,68726,20/02/2024,09/06/2024,Coproducció,03, Sants-Montjuïc,14, la Font de la Guatlla,Titularitat privada,"Fundació Bancària Caixa d'Estalvis i Pensions de Barcelona, ""la Caixa""",Centres d'exposicions,Centres d'exposicions,Arts visuals,41.371294526,2.149575441,http://caixaforum.es/ca/barcelona,
2024,CaixaForum,CaixaForum,Els mons d'Alícia. Somiar el país de les meravelles,66992,17/10/2024,16/02/2025,Coproducció,03, Sants-Montjuïc,14, la Font de la Guatlla,Titularitat privada,"Fundació Bancària Caixa d'Estalvis i Pensions de Barcelona, ""la Caixa""",Centres d'exposicions,Centres d'exposicions,Arts visuals,41.371294526,2.149575441,http://caixaforum.es/ca/barcelona,
2024,Can Framis. Fundació Vila Casas,Can Framis. Fundació Vila Casas,Joan Claret i Joan Vilacasas. Donació de la Col·lecció Brigitte i Hans Robert Thomas,213,07/11/2023,14/01/2024,Pròpia,10, Sant Martí,66, el Parc i la Llacuna del Poblenou,Titularitat privada,Fundació Vila Casas,Museus i col·leccions,Centres patrimonials,Arts visuals,41.402912812,2.194947848,http://www.fundaciovilacasas.com,
2024,Can Framis. Fundació Vila Casas,Can Framis. Fundació Vila Casas,Pep Duran Esteva. Papers d'ombra.,4556,20/02/2024,26/05/2024,Pròpia,10, Sant Martí,66, el Parc i la Llacuna del Poblenou,Titularitat privada,Fundació Vila Casas,Museus i col·leccions,Centres patrimonials,Arts visuals,41.402912812,2.194947848,http://www.fundaciovilacasas.com,
2024,Can Framis. Fundació Vila Casas,Can Framis. Fundació Vila Casas,Carma Casulá. Al natural. ,356,11/06/2024,21/07/2024,Pròpia,10, Sant Martí,66, el Parc i la Llacuna del Poblenou,Titularitat privada,Fundació Vila Casas,Museus i col·leccions,Centres patrimonials,Arts visuals,41.402912812,2.194947848,http://www.fundaciovilacasas.com,
2024,Can Framis. Fundació Vila Casas,Can Framis. Fundació Vila Casas,PATRIM'23: Bellesa intersticial.,7890,11/06/2024,21/07/2024,Pròpia,10, Sant Martí,66, el Parc i la Llacuna del Poblenou,Titularitat privada,Fundació Vila Casas,Museus i col·leccions,Centres patrimonials,Arts visuals,41.402912812,2.194947848,http://www.fundaciovilacasas.com,
2024,Can Framis. Fundació Vila Casas,Can Framis. Fundació Vila Casas,Paula Bonet. L'anguila. La carn com a pintura i la pintura com a mirall.,7890,08/10/2024,19/01/2025,Pròpia,10, Sant Martí,66, el Parc i la Llacuna del Poblenou,Titularitat privada,Fundació Vila Casas,Museus i col·leccions,Centres patrimonials,Arts visuals,41.402912812,2.194947848,http://www.fundaciovilacasas.com,
2024,Castell de Montjuïc,Castell de Montjuïc,My Kingdom for a Light,4532,07/10/2023,07/01/2024,Externa,03, Sants-Montjuïc,11, el Poble Sec,Ajuntament de Barcelona,Institut de Cultura. Ajuntament de Barcelona,Museus i col·leccions,Centres patrimonials,Història i memòria,41.3675648,2.1685315,https://ajuntament.barcelona.cat/castelldemontjuic,
2024,Castell de Montjuïc,Castell de Montjuïc,Gestos fora de lloc,29547,22/01/2024,24/03/2024,Externa,03, Sants-Montjuïc,11, el Poble Sec,Ajuntament de Barcelona,Institut de Cultura. Ajuntament de Barcelona,Museus i col·leccions,Centres patrimonials,Història i memòria,41.3675648,2.1685315,https://ajuntament.barcelona.cat/castelldemontjuic,
2024,Castell de Montjuïc,Castell de Montjuïc,Ressons de la memòria,116016,13/05/2024,06/01/2025,Externa,03, Sants-Montjuïc,11, el Poble Sec,Ajuntament de Barcelona,Institut de Cultura. Ajuntament de Barcelona,Museus i col·leccions,Centres patrimonials,Història i memòria,41.3675648,2.1685315,https://ajuntament.barcelona.cat/castelldemontjuic,
2024,Castell de Montjuïc,Castell de Montjuïc,Sota la influència de Gaudí,174175,27/06/2024,06/01/2025,Externa,03, Sants-Montjuïc,11, el Poble Sec,Ajuntament de Barcelona,Institut de Cultura. Ajuntament de Barcelona,Museus i col·leccions,Centres patrimonials,Història i memòria,41.3675648,2.1685315,https://ajuntament.barcelona.cat/castelldemontjuic,
2024,Castell de Montjuïc,Castell de Montjuïc,Arcs del Quarter,14132,05/10/2024,06/01/2025,Externa,03, Sants-Montjuïc,11, el Poble Sec,Ajuntament de Barcelona,Institut de Cultura. Ajuntament de Barcelona,Museus i col·leccions,Centres patrimonials,Història i memòria,41.3675648,2.1685315,https://ajuntament.barcelona.cat/castelldemontjuic,
2024,Centre de Cultura Contemporània de Barcelona. CCCB,Centre de Cultura Contemporània de Barcelona. CCCB,Intel·ligència Artificial,61156,17/10/2023,17/03/2024,Coproducció,01, Ciutat Vella,01, el Raval,Consorci o fundació amb presència administracions públiques,Centre de Cultura Contemporània de Barcelona (CCCB),Centres d'exposicions,Centres d'exposicions,Arts visuals,41.383883057,2.166795152,http://www.cccb.org,
2024,Centre de Cultura Contemporània de Barcelona. CCCB,Centre de Cultura Contemporània de Barcelona. CCCB,Subúrbia,77811,20/03/2024,08/09/2024,Pròpia,01, Ciutat Vella,01, el Raval,Consorci o fundació amb presència administracions públiques,Centre de Cultura Contemporània de Barcelona (CCCB),Centres d'exposicions,Centres d'exposicions,Arts visuals,41.383883057,2.166795152,http://www.cccb.org,
2024,Centre de Cultura Contemporània de Barcelona. CCCB,Centre de Cultura Contemporània de Barcelona. CCCB,Agnès Varda,43299,18/07/2024,08/12/2024,Coproducció,01, Ciutat Vella,01, el Raval,Consorci o fundació amb presència administracions públiques,Centre de Cultura Contemporània de Barcelona (CCCB),Centres d'exposicions,Centres d'exposicions,Arts visuals,41.383883057,2.166795152,http://www.cccb.org,
2024,Centre de Cultura Contemporània de Barcelona. CCCB,Centre de Cultura Contemporània de Barcelona. CCCB,Amazònies,15572,08/11/2024,25/05/2025,Pròpia,01, Ciutat Vella,01, el Raval,Consorci o fundació amb presència administracions públiques,Centre de Cultura Contemporània de Barcelona (CCCB),Centres d'exposicions,Centres d'exposicions,Arts visuals,41.383883057,2.166795152,http://www.cccb.org,
2024,Centre de Cultura Contemporània de Barcelona. CCCB,Centre de Cultura Contemporània de Barcelona. CCCB,World Press Photo,29880,08/11/2024,15/12/2024,Coproducció,01, Ciutat Vella,01, el Raval,Consorci o fundació amb presència administracions públiques,Centre de Cultura Contemporània de Barcelona (CCCB),Centres d'exposicions,Centres d'exposicions,Arts visuals,41.383883057,2.166795152,http://www.cccb.org,
2024,CosmoCaixa,CosmoCaixa,Dinosaures de la Patagònia,69987,26/10/2023,02/06/2024,Coproducció,05, Sarrià-Sant Gervasi,25, Sant Gervasi - la Bonanova,Titularitat privada,"Fundació Bancària Caixa d'Estalvis i Pensions de Barcelona, ""la Caixa""",Museus i col·leccions,Centres patrimonials,Ciència,41.413267367,2.130658424,https://cosmocaixa.org/es/,
2024,CosmoCaixa,CosmoCaixa,Matemifasol. Un viatge sonor del caos al Cosmos,24212,09/07/2024,31/12/2024,Pròpia,05, Sarrià-Sant Gervasi,25, Sant Gervasi - la Bonanova,Titularitat privada,"Fundació Bancària Caixa d'Estalvis i Pensions de Barcelona, ""la Caixa""",Museus i col·leccions,Centres patrimonials,Ciència,41.413267367,2.130658424,https://cosmocaixa.org/es/,
2024,DHub / Museu del Disseny,DHub. Glòries,Som aquí! Les dones en el disseny,3373,04/10/2023,07/01/2024,Pròpia,10, Sant Martí,66, el Parc i la Llacuna del Poblenou,Ajuntament de Barcelona,Institut de Cultura. Ajuntament de Barcelona,Museus i col·leccions,Centres patrimonials,Arts visuals,41.402569757,2.188032505,http://www.museudeldisseny.cat,Seu inaugurada el desembre de 2014.
2024,DHub / Museu del Disseny,DHub. Glòries,El millor disseny de l'any,2601,05/10/2023,07/01/2024,Coproducció,10, Sant Martí,66, el Parc i la Llacuna del Poblenou,Ajuntament de Barcelona,Institut de Cultura. Ajuntament de Barcelona,Museus i col·leccions,Centres patrimonials,Arts visuals,41.402569757,2.188032505,http://www.museudeldisseny.cat,Seu inaugurada el desembre de 2014.
2024,DHub / Museu del Disseny,DHub. Glòries,Els nous realistes,3373,26/10/2023,07/01/2024,Coproducció,10, Sant Martí,66, el Parc i la Llacuna del Poblenou,Ajuntament de Barcelona,Institut de Cultura. Ajuntament de Barcelona,Museus i col·leccions,Centres patrimonials,Arts visuals,41.402569757,2.188032505,http://www.museudeldisseny.cat,Seu inaugurada el desembre de 2014.
2024,DHub / Museu del Disseny,DHub. Glòries,Patterns and Recognitions,16880,02/02/2024,17/03/2024,Externa,10, Sant Martí,66, el Parc i la Llacuna del Poblenou,Ajuntament de Barcelona,Institut de Cultura. Ajuntament de Barcelona,Museus i col·leccions,Centres patrimonials,Arts visuals,41.402569757,2.188032505,http://www.museudeldisseny.cat,Seu inaugurada el desembre de 2014.
2024,DHub / Museu del Disseny,DHub. Glòries,Connectem. 40 anys de TV i Catalunya Radio,31792,22/05/2024,25/08/2024,Externa,10, Sant Martí,66, el Parc i la Llacuna del Poblenou,Ajuntament de Barcelona,Institut de Cultura. Ajuntament de Barcelona,Museus i col·leccions,Centres patrimonials,Arts visuals,41.402569757,2.188032505,http://www.museudeldisseny.cat,Seu inaugurada el desembre de 2014.
2024,DHub / Museu del Disseny,DHub. Glòries,Premis ADI,28812,31/05/2024,25/08/2024,Coproducció,10, Sant Martí,66, el Parc i la Llacuna del Poblenou,Ajuntament de Barcelona,Institut de Cultura. Ajuntament de Barcelona,Museus i col·leccions,Centres patrimonials,Arts visuals,41.402569757,2.188032505,http://www.museudeldisseny.cat,Seu inaugurada el desembre de 2014.
2024,DHub / Museu del Disseny,DHub. Glòries,L'Oceà parla. Noves ecologies i noves economies del mar,32422,10/10/2024,23/02/2025,Pròpia,10, Sant Martí,66, el Parc i la Llacuna del Poblenou,Ajuntament de Barcelona,Institut de Cultura. Ajuntament de Barcelona,Museus i col·leccions,Centres patrimonials,Arts visuals,41.402569757,2.188032505,http://www.museudeldisseny.cat,Seu inaugurada el desembre de 2014.
2024,DHub / Museu del Disseny,DHub. Glòries,100 objectes d'IKEA que ens hagués agradat tenir a VINÇON,31521,17/10/2024,23/02/2025,Pròpia,10, Sant Martí,66, el Parc i la Llacuna del Poblenou,Ajuntament de Barcelona,Institut de Cultura. Ajuntament de Barcelona,Museus i col·leccions,Centres patrimonials,Arts visuals,41.402569757,2.188032505,http://www.museudeldisseny.cat,Seu inaugurada el desembre de 2014.
2024,DHub / Museu del Disseny,DHub. Glòries,La producció de l'alteritat,26524,24/10/2024,06/01/2025,Pròpia,10, Sant Martí,66, el Parc i la Llacuna del Poblenou,Ajuntament de Barcelona,Institut de Cultura. Ajuntament de Barcelona,Museus i col·leccions,Centres patrimonials,Arts visuals,41.402569757,2.188032505,http://www.museudeldisseny.cat,Seu inaugurada el desembre de 2014.
2024,El Born Centre de Cultura i Memòria,El Born Centre de Cultura i Memòria,Per què la guerra?,11279,15/03/2024,29/09/2024,Pròpia,01, Ciutat Vella,04," Sant Pere, Santa Caterina i la Ribera",Ajuntament de Barcelona,Institut de Cultura. Ajuntament de Barcelona,Museus i col·leccions,Centres patrimonials,Història i memòria,41.385641483,2.183568044,http://elbornculturaimemoria.barcelona.cat,El 23//2025 posem aquest equipament com a NO VIGENT perquè el 2025 passa a ser una seu del Museu d'Història de Barcelona.
2024,Espais VolART i VolART2. Fundació Vila Casas,Espais VolART i VolART2. Fundació Vila Casas,Maria Girona / Fina Miralles,889,14/09/2023,14/01/2024,Altres,02, Eixample,07, la Dreta de l'Eixample,Titularitat privada,Fundació Vila Casas,Centres d'exposicions,Centres d'exposicions,Arts visuals,41.390963134,2.175293998,http://www.fundaciovilacasas.com https://www.museoartecontemporaneo.es/	,
2024,Espais VolART i VolART2. Fundació Vila Casas,Espais VolART i VolART2. Fundació Vila Casas,"Susana Solano: ""Anònims""",4355,02/02/2024,14/07/2024,Pròpia,02, Eixample,07, la Dreta de l'Eixample,Titularitat privada,Fundació Vila Casas,Centres d'exposicions,Centres d'exposicions,Arts visuals,41.390963134,2.175293998,http://www.fundaciovilacasas.com https://www.museoartecontemporaneo.es/	,
2024,Espais VolART i VolART2. Fundació Vila Casas,Espais VolART i VolART2. Fundació Vila Casas,Francesc Fomingo/Madola,4506,14/09/2024,19/01/2025,Pròpia,02, Eixample,07, la Dreta de l'Eixample,Titularitat privada,Fundació Vila Casas,Centres d'exposicions,Centres d'exposicions,Arts visuals,41.390963134,2.175293998,http://www.fundaciovilacasas.com https://www.museoartecontemporaneo.es/	,
2024,Fundació Foto Colectania,Fundació Foto Colectania,El curs dels esdeveniments,,18/01/2024,02/06/2024,Pròpia,01, Ciutat Vella,04," Sant Pere, Santa Caterina i la Ribera",Titularitat privada,Fundació Foto Colectània,Museus i col·leccions,Centres patrimonials,Arts visuals,41.3876349,2.1827391,https://fotocolectania.org/,
2024,Fundació Foto Colectania,Fundació Foto Colectania,Sarah Moon: el temps s'atura,,19/06/2024,05/01/2025,Pròpia,01, Ciutat Vella,04," Sant Pere, Santa Caterina i la Ribera",Titularitat privada,Fundació Foto Colectània,Museus i col·leccions,Centres patrimonials,Arts visuals,41.3876349,2.1827391,https://fotocolectania.org/,
2024,Fundació Joan Miró,Fundació Joan Miró,Miró-Picasso,57489,20/10/2023,25/02/2024,Pròpia,03, Sants-Montjuïc,11, el Poble Sec,Consorci o fundació amb presència administracions públiques,Fundació Joan Miró,Museus i col·leccions,Centres patrimonials,Arts visuals,41.36863,2.159851,https://www.fmirobcn.org,
2024,Fundació Joan Miró,Fundació Joan Miró,Kandis Williams. Death of A,1609,03/11/2023,21/01/2024,Pròpia,03, Sants-Montjuïc,11, el Poble Sec,Consorci o fundació amb presència administracions públiques,Fundació Joan Miró,Museus i col·leccions,Centres patrimonials,Arts visuals,41.36863,2.159851,https://www.fmirobcn.org,
2024,Fundació Joan Miró,Fundació Joan Miró,Alba Mayol. Solc i no clos,11332,02/02/2024,14/04/2024,Pròpia,03, Sants-Montjuïc,11, el Poble Sec,Consorci o fundació amb presència administracions públiques,Fundació Joan Miró,Museus i col·leccions,Centres patrimonials,Arts visuals,41.36863,2.159851,https://www.fmirobcn.org,
2024,Fundació Joan Miró,Fundació Joan Miró,Inari Sandell. Lògica papallona,5772,26/04/2024,07/07/2024,Pròpia,03, Sants-Montjuïc,11, el Poble Sec,Consorci o fundació amb presència administracions públiques,Fundació Joan Miró,Museus i col·leccions,Centres patrimonials,Arts visuals,41.36863,2.159851,https://www.fmirobcn.org,
2024,Fundació Joan Miró,Fundació Joan Miró,Tuan Andrew Nguyen. Els nostres fantasmes viuen al futur,98477,10/05/2024,24/09/2024,Pròpia,03, Sants-Montjuïc,11, el Poble Sec,Consorci o fundació amb presència administracions públiques,Fundació Joan Miró,Museus i col·leccions,Centres patrimonials,Arts visuals,41.36863,2.159851,https://www.fmirobcn.org,
2024,Fundació Joan Miró,Fundació Joan Miró,Danielle Brathwaite-Shirley. Cap comentari,8052,19/07/2024,20/10/2024,Pròpia,03, Sants-Montjuïc,11, el Poble Sec,Consorci o fundació amb presència administracions públiques,Fundació Joan Miró,Museus i col·leccions,Centres patrimonials,Arts visuals,41.36863,2.159851,https://www.fmirobcn.org,
2024,Fundació Joan Miró,Fundació Joan Miró,MiróMatisse. Més enllà de les imatges,61018,25/10/2024,09/02/2025,Pròpia,03, Sants-Montjuïc,11, el Poble Sec,Consorci o fundació amb presència administracions públiques,Fundació Joan Miró,Museus i col·leccions,Centres patrimonials,Arts visuals,41.36863,2.159851,https://www.fmirobcn.org,
2024,Fundació Joan Miró,Fundació Joan Miró,Helena Vinent. Accident,5178,31/10/2024,19/01/2025,Pròpia,03, Sants-Montjuïc,11, el Poble Sec,Consorci o fundació amb presència administracions públiques,Fundació Joan Miró,Museus i col·leccions,Centres patrimonials,Arts visuals,41.36863,2.159851,https://www.fmirobcn.org,
2024,Fundació Suñol,Fundació Suñol,Andar con el río. Eva Lootz,714,28/09/2023,02/03/2024,Pròpia,04, Les Corts,20, la Maternitat i Sant Ramon,Titularitat privada,Fundació Privada Josep I. Suñol Soler,Museus i col·leccions,Centres patrimonials,Arts visuals,41.3826167,2.1262746,http://www.fundaciosunol.org,
2024,Fundació Suñol,Fundació Suñol,Equipo Crónica. La història de l'art com a pretext,2319,11/04/2024,13/07/2024,Pròpia,04, Les Corts,20, la Maternitat i Sant Ramon,Titularitat privada,Fundació Privada Josep I. Suñol Soler,Museus i col·leccions,Centres patrimonials,Arts visuals,41.3826167,2.1262746,http://www.fundaciosunol.org,
2024,Fundació Suñol,Fundació Suñol,La maleta d'Antoni Tàpies,69,17/10/2024,24/10/2024,Pròpia,04, Les Corts,20, la Maternitat i Sant Ramon,Titularitat privada,Fundació Privada Josep I. Suñol Soler,Museus i col·leccions,Centres patrimonials,Arts visuals,41.3826167,2.1262746,http://www.fundaciosunol.org,
2024,Fundació Suñol,Fundació Suñol,Warhol & Vijande. Cita a Barcelona. Més que Imatges Alterades by Cristopher Makos. ,283,04/12/2024,12/04/2025,Pròpia,04, Les Corts,20, la Maternitat i Sant Ramon,Titularitat privada,Fundació Privada Josep I. Suñol Soler,Museus i col·leccions,Centres patrimonials,Arts visuals,41.3826167,2.1262746,http://www.fundaciosunol.org,
2024,Hash Marihuana Cáñamo & Hemp Museum,Hash Marihuana Cáñamo & Hemp Museum,"Stay Stoned. Bogeria, cannabis i tatuatges ",,13/05/2023,17/03/2024,Coproducció,01, Ciutat Vella,02, el Barri Gòtic,Titularitat privada,Hemp Museums BV Sucursal Espanya,Museus i col·leccions,Centres patrimonials,Història i memòria,41.380783393,2.180139311,http://hashmuseum.com,
2024,KBr Fundación MAPFRE,KBr Fundación MAPFRE,KBr Flama'23,3655,28/09/2023,28/01/2024,Pròpia,10, Sant Martí,67, la Vila Olímpica del Poblenou,Titularitat privada,Fundació MAPFRE,Centres d'exposicions,Centres d'exposicions,Arts visuals,41.388415,2.1960494,http://kbr.fundacionmapfre.org/,
2024,KBr Fundación MAPFRE,KBr Fundación MAPFRE,William Eggleston,6185,28/09/2023,28/01/2024,Coproducció,10, Sant Martí,67, la Vila Olímpica del Poblenou,Titularitat privada,Fundació MAPFRE,Centres d'exposicions,Centres d'exposicions,Arts visuals,41.388415,2.1960494,http://kbr.fundacionmapfre.org/,
2024,KBr Fundación MAPFRE,KBr Fundación MAPFRE,Consuelo Kanaga,9850,15/02/2024,12/04/2024,Pròpia,10, Sant Martí,67, la Vila Olímpica del Poblenou,Titularitat privada,Fundació MAPFRE,Centres d'exposicions,Centres d'exposicions,Arts visuals,41.388415,2.1960494,http://kbr.fundacionmapfre.org/,
2024,KBr Fundación MAPFRE,KBr Fundación MAPFRE,La càmera domèstica. L'afició fotogràfica a Catalunya (ca. 1880-1936),7933,15/02/2024,12/04/2024,Pròpia,10, Sant Martí,67, la Vila Olímpica del Poblenou,Titularitat privada,Fundació MAPFRE,Centres d'exposicions,Centres d'exposicions,Arts visuals,41.388415,2.1960494,http://kbr.fundacionmapfre.org/,
2024,KBr Fundación MAPFRE,KBr Fundación MAPFRE,Louis Stettner,10968,06/06/2024,15/09/2024,Pròpia,10, Sant Martí,67, la Vila Olímpica del Poblenou,Titularitat privada,Fundació MAPFRE,Centres d'exposicions,Centres d'exposicions,Arts visuals,41.388415,2.1960494,http://kbr.fundacionmapfre.org/,
2024,KBr Fundación MAPFRE,KBr Fundación MAPFRE,Paz Errázuriz,9939,06/06/2024,15/09/2024,Pròpia,10, Sant Martí,67, la Vila Olímpica del Poblenou,Titularitat privada,Fundació MAPFRE,Centres d'exposicions,Centres d'exposicions,Arts visuals,41.388415,2.1960494,http://kbr.fundacionmapfre.org/,
2024,KBr Fundación MAPFRE,KBr Fundación MAPFRE,Henri Cartier-Bresson. Watch! Watch! Watch!,29557,11/10/2024,31/12/2024,Coproducció,10, Sant Martí,67, la Vila Olímpica del Poblenou,Titularitat privada,Fundació MAPFRE,Centres d'exposicions,Centres d'exposicions,Arts visuals,41.388415,2.1960494,http://kbr.fundacionmapfre.org/,
2024,KBr Fundación MAPFRE,KBr Fundación MAPFRE,KBr Flama'24,9937,11/10/2024,31/12/2024,Pròpia,10, Sant Martí,67, la Vila Olímpica del Poblenou,Titularitat privada,Fundació MAPFRE,Centres d'exposicions,Centres d'exposicions,Arts visuals,41.388415,2.1960494,http://kbr.fundacionmapfre.org/,
2024,La Capella,La Capella,Archivo de emociones difíciles Tamara Kuselman,3846,28/11/2023,04/02/2024,Pròpia,01, Ciutat Vella,01, el Raval,Ajuntament de Barcelona,Institut de Cultura. Ajuntament de Barcelona,Centres d'exposicions,Centres d'exposicions,Arts visuals,41.381057326,2.169793857,http://www.lacapella.barcelona,
2024,La Capella,La Capella,Te recuerdo de una vida futura Michael Lawton,5768,28/11/2023,04/02/2024,Pròpia,01, Ciutat Vella,01, el Raval,Ajuntament de Barcelona,Institut de Cultura. Ajuntament de Barcelona,Centres d'exposicions,Centres d'exposicions,Arts visuals,41.381057326,2.169793857,http://www.lacapella.barcelona,
2024,La Capella,La Capella,Gusah Coranty,942,14/12/2023,04/02/2024,Pròpia,01, Ciutat Vella,01, el Raval,Ajuntament de Barcelona,Institut de Cultura. Ajuntament de Barcelona,Centres d'exposicions,Centres d'exposicions,Arts visuals,41.381057326,2.169793857,http://www.lacapella.barcelona,
2024,La Capella,La Capella,"Ghost Rider - Joan Pallé, Cayetano Truyols",13059,14/02/2024,21/04/2024,Pròpia,01, Ciutat Vella,01, el Raval,Ajuntament de Barcelona,Institut de Cultura. Ajuntament de Barcelona,Centres d'exposicions,Centres d'exposicions,Arts visuals,41.381057326,2.169793857,http://www.lacapella.barcelona,
2024,La Capella,La Capella,el otro aquí - Valentina Alvarado Matos i Carlos Vásquez Méndez,19587,14/02/2024,21/04/2024,Pròpia,01, Ciutat Vella,01, el Raval,Ajuntament de Barcelona,Institut de Cultura. Ajuntament de Barcelona,Centres d'exposicions,Centres d'exposicions,Arts visuals,41.381057326,2.169793857,http://www.lacapella.barcelona,
2024,La Capella,La Capella,Maquinal ,17421,30/04/2024,07/07/2024,Pròpia,01, Ciutat Vella,01, el Raval,Ajuntament de Barcelona,Institut de Cultura. Ajuntament de Barcelona,Centres d'exposicions,Centres d'exposicions,Arts visuals,41.381057326,2.169793857,http://www.lacapella.barcelona,
2024,La Capella,La Capella,Parpella - Marta van Tartwijk,14139,30/04/2024,07/07/2024,Pròpia,01, Ciutat Vella,01, el Raval,Ajuntament de Barcelona,Institut de Cultura. Ajuntament de Barcelona,Centres d'exposicions,Centres d'exposicions,Arts visuals,41.381057326,2.169793857,http://www.lacapella.barcelona,
2024,La Capella,La Capella,"HOW ABOUT A LITTLE KISS, DON'T BE UNKIND - Comissariat per ferranElOtro",6015,16/07/2024,29/09/2024,Pròpia,01, Ciutat Vella,01, el Raval,Ajuntament de Barcelona,Institut de Cultura. Ajuntament de Barcelona,Centres d'exposicions,Centres d'exposicions,Arts visuals,41.381057326,2.169793857,http://www.lacapella.barcelona,
2024,La Capella,La Capella,Un desordre distint - A cura de Marta Sesé,9021,16/07/2024,29/09/2024,Pròpia,01, Ciutat Vella,01, el Raval,Ajuntament de Barcelona,Institut de Cultura. Ajuntament de Barcelona,Centres d'exposicions,Centres d'exposicions,Arts visuals,41.381057326,2.169793857,http://www.lacapella.barcelona,
2024,La Capella,La Capella,"IRENE VISA DESLOCALITZAT: ""Cançó i ball per a una font""",,05/10/2024,05/10/2024,Pròpia,01, Ciutat Vella,01, el Raval,Ajuntament de Barcelona,Institut de Cultura. Ajuntament de Barcelona,Centres d'exposicions,Centres d'exposicions,Arts visuals,41.381057326,2.169793857,http://www.lacapella.barcelona,
2024,La Capella,La Capella,Infinita/Unfinished. Poètica del cansament ,3275,23/10/2024,20/11/2024,Pròpia,01, Ciutat Vella,01, el Raval,Ajuntament de Barcelona,Institut de Cultura. Ajuntament de Barcelona,Centres d'exposicions,Centres d'exposicions,Arts visuals,41.381057326,2.169793857,http://www.lacapella.barcelona,
2024,La Capella,La Capella,Nosymmetries,4212,23/10/2024,20/11/2024,Pròpia,01, Ciutat Vella,01, el Raval,Ajuntament de Barcelona,Institut de Cultura. Ajuntament de Barcelona,Centres d'exposicions,Centres d'exposicions,Arts visuals,41.381057326,2.169793857,http://www.lacapella.barcelona,
2024,La Capella,La Capella,Difàcil,2788,28/11/2024,19/01/2025,Pròpia,01, Ciutat Vella,01, el Raval,Ajuntament de Barcelona,Institut de Cultura. Ajuntament de Barcelona,Centres d'exposicions,Centres d'exposicions,Arts visuals,41.381057326,2.169793857,http://www.lacapella.barcelona,
2024,La Capella,La Capella,Entre les pedres. 30 anys de La Capella,3371,28/11/2024,19/01/2025,Pròpia,01, Ciutat Vella,01, el Raval,Ajuntament de Barcelona,Institut de Cultura. Ajuntament de Barcelona,Centres d'exposicions,Centres d'exposicions,Arts visuals,41.381057326,2.169793857,http://www.lacapella.barcelona,
2024,La Capella,La Capella,Òrbites sobre negre: tres assajos sobre el moviment. Beques Guasch Coranty,1665,12/12/2024,19/01/2025,Pròpia,01, Ciutat Vella,01, el Raval,Ajuntament de Barcelona,Institut de Cultura. Ajuntament de Barcelona,Centres d'exposicions,Centres d'exposicions,Arts visuals,41.381057326,2.169793857,http://www.lacapella.barcelona,
2024,La Fabra Centre d'Art Contemporani,La Fabra Centre d'Art Contemporani,Exposició de la Rossella Biscotti,1276,18/11/2023,25/02/2024,Pròpia,09, Sant Andreu,60, Sant Andreu,Ajuntament de Barcelona,Institut de Cultura. Ajuntament de Barcelona,Centres d'exposicions,Centres d'exposicions,Arts visuals,41.433762956,2.190815632,http://centredart.bcn.cat,"Juliol de 2025: aquest centre inicia nova etapa, sota la direcció de Claudia Elies, amb el nom de La Fabra Centre dArt Contemporani (fins ara Fabra i Coats - Centre d'Art Contemporani""."
2024,La Fabra Centre d'Art Contemporani,La Fabra Centre d'Art Contemporani,"Si plou així, que no escampi! (SAC 2023)",1181,22/03/2024,19/05/2024,Pròpia,09, Sant Andreu,60, Sant Andreu,Ajuntament de Barcelona,Institut de Cultura. Ajuntament de Barcelona,Centres d'exposicions,Centres d'exposicions,Arts visuals,41.433762956,2.190815632,http://centredart.bcn.cat,"Juliol de 2025: aquest centre inicia nova etapa, sota la direcció de Claudia Elies, amb el nom de La Fabra Centre dArt Contemporani (fins ara Fabra i Coats - Centre d'Art Contemporani""."
2024,La Fabra Centre d'Art Contemporani,La Fabra Centre d'Art Contemporani,Arxiu Cabanyal,1832,17/05/2024,06/10/2024,Pròpia,09, Sant Andreu,60, Sant Andreu,Ajuntament de Barcelona,Institut de Cultura. Ajuntament de Barcelona,Centres d'exposicions,Centres d'exposicions,Arts visuals,41.433762956,2.190815632,http://centredart.bcn.cat,"Juliol de 2025: aquest centre inicia nova etapa, sota la direcció de Claudia Elies, amb el nom de La Fabra Centre dArt Contemporani (fins ara Fabra i Coats - Centre d'Art Contemporani""."
2024,La Fabra Centre d'Art Contemporani,La Fabra Centre d'Art Contemporani,Substrat comú. SAC 2024,816,25/10/2024,24/11/2024,Pròpia,09, Sant Andreu,60, Sant Andreu,Ajuntament de Barcelona,Institut de Cultura. Ajuntament de Barcelona,Centres d'exposicions,Centres d'exposicions,Arts visuals,41.433762956,2.190815632,http://centredart.bcn.cat,"Juliol de 2025: aquest centre inicia nova etapa, sota la direcció de Claudia Elies, amb el nom de La Fabra Centre dArt Contemporani (fins ara Fabra i Coats - Centre d'Art Contemporani""."
2024,La Fabra Centre d'Art Contemporani,La Fabra Centre d'Art Contemporani,Paraules d'amor. Núria Güell,815,14/11/2024,15/12/2024,Pròpia,09, Sant Andreu,60, Sant Andreu,Ajuntament de Barcelona,Institut de Cultura. Ajuntament de Barcelona,Centres d'exposicions,Centres d'exposicions,Arts visuals,41.433762956,2.190815632,http://centredart.bcn.cat,"Juliol de 2025: aquest centre inicia nova etapa, sota la direcció de Claudia Elies, amb el nom de La Fabra Centre dArt Contemporani (fins ara Fabra i Coats - Centre d'Art Contemporani""."
2024,La Pedrera,La Pedrera,Antonio López,11261,22/09/2023,14/01/2024,Pròpia,02, Eixample,07, la Dreta de l'Eixample,Titularitat privada,Fundació Catalunya - La Pedrera,Espais d'interès patrimonial,Centres patrimonials,Arts visuals,41.395316302,2.162043384,http://www.lapedrera.com,
2024,La Pedrera,La Pedrera,Barceló. Tots som grec,37089,07/03/2024,30/06/2024,Pròpia,02, Eixample,07, la Dreta de l'Eixample,Titularitat privada,Fundació Catalunya - La Pedrera,Espais d'interès patrimonial,Centres patrimonials,Arts visuals,41.395316302,2.162043384,http://www.lapedrera.com,
2024,La Pedrera,La Pedrera,Art en Pedra,15712,03/10/2024,31/12/2024,Pròpia,02, Eixample,07, la Dreta de l'Eixample,Titularitat privada,Fundació Catalunya - La Pedrera,Espais d'interès patrimonial,Centres patrimonials,Arts visuals,41.395316302,2.162043384,http://www.lapedrera.com,
2024,La Virreina Centre de la Imatge,La Virreina Centre de la Imatge,Anti-Futurisme Cimarrón,2368,12/10/2023,31/01/2024,Pròpia,01, Ciutat Vella,01, el Raval,Ajuntament de Barcelona,Institut de Cultura. Ajuntament de Barcelona,Centres d'exposicions,Centres d'exposicions,Arts visuals,41.382498322,2.17170863,http://ajuntament.barcelona.cat/lavirreina,
2024,La Virreina Centre de la Imatge,La Virreina Centre de la Imatge,Chantal Akerman. Encarar l'imatge,27432,18/11/2023,14/04/2024,Pròpia,01, Ciutat Vella,01, el Raval,Ajuntament de Barcelona,Institut de Cultura. Ajuntament de Barcelona,Centres d'exposicions,Centres d'exposicions,Arts visuals,41.382498322,2.17170863,http://ajuntament.barcelona.cat/lavirreina,
2024,La Virreina Centre de la Imatge,La Virreina Centre de la Imatge,Fernand Deligny. L'elogi de l'Asil,27432,18/11/2023,14/04/2024,Pròpia,01, Ciutat Vella,01, el Raval,Ajuntament de Barcelona,Institut de Cultura. Ajuntament de Barcelona,Centres d'exposicions,Centres d'exposicions,Arts visuals,41.382498322,2.17170863,http://ajuntament.barcelona.cat/lavirreina,
2024,La Virreina Centre de la Imatge,La Virreina Centre de la Imatge,totalmente rostro,5237,23/03/2024,26/05/2024,Pròpia,01, Ciutat Vella,01, el Raval,Ajuntament de Barcelona,Institut de Cultura. Ajuntament de Barcelona,Centres d'exposicions,Centres d'exposicions,Arts visuals,41.382498322,2.17170863,http://ajuntament.barcelona.cat/lavirreina,
2024,La Virreina Centre de la Imatge,La Virreina Centre de la Imatge,Jeff Wall. Contes possibles,62719,24/05/2024,13/10/2024,Pròpia,01, Ciutat Vella,01, el Raval,Ajuntament de Barcelona,Institut de Cultura. Ajuntament de Barcelona,Centres d'exposicions,Centres d'exposicions,Arts visuals,41.382498322,2.17170863,http://ajuntament.barcelona.cat/lavirreina,
2024,La Virreina Centre de la Imatge,La Virreina Centre de la Imatge,'Una ascensió en espiral. Mirar enrere des de la fi' de Raisa Maudit,16945,14/06/2024,13/10/2024,Pròpia,01, Ciutat Vella,01, el Raval,Ajuntament de Barcelona,Institut de Cultura. Ajuntament de Barcelona,Centres d'exposicions,Centres d'exposicions,Arts visuals,41.382498322,2.17170863,http://ajuntament.barcelona.cat/lavirreina,
2024,La Virreina Centre de la Imatge,La Virreina Centre de la Imatge,Clemente Bernad. Hemendik Hurbil / Prop d'aquí,7456,26/10/2024,26/01/2025,Pròpia,01, Ciutat Vella,01, el Raval,Ajuntament de Barcelona,Institut de Cultura. Ajuntament de Barcelona,Centres d'exposicions,Centres d'exposicions,Arts visuals,41.382498322,2.17170863,http://ajuntament.barcelona.cat/lavirreina,
2024,La Virreina Centre de la Imatge,La Virreina Centre de la Imatge,"Josep Iglésias del Marquet. Poesia, tipografia i comunicació de masses",8091,16/11/2024,30/03/2025,Pròpia,01, Ciutat Vella,01, el Raval,Ajuntament de Barcelona,Institut de Cultura. Ajuntament de Barcelona,Centres d'exposicions,Centres d'exposicions,Arts visuals,41.382498322,2.17170863,http://ajuntament.barcelona.cat/lavirreina,
2024,La Virreina Centre de la Imatge,La Virreina Centre de la Imatge,Mar Arza. Sotaveu,8091,16/11/2024,30/03/2025,Pròpia,01, Ciutat Vella,01, el Raval,Ajuntament de Barcelona,Institut de Cultura. Ajuntament de Barcelona,Centres d'exposicions,Centres d'exposicions,Arts visuals,41.382498322,2.17170863,http://ajuntament.barcelona.cat/lavirreina,
2024,La Virreina Centre de la Imatge,La Virreina Centre de la Imatge,Regina Silveira. Destructures de poder,8091,16/11/2024,30/03/2025,Pròpia,01, Ciutat Vella,01, el Raval,Ajuntament de Barcelona,Institut de Cultura. Ajuntament de Barcelona,Centres d'exposicions,Centres d'exposicions,Arts visuals,41.382498322,2.17170863,http://ajuntament.barcelona.cat/lavirreina,
2024,Museu de Ciències Naturals de Barcelona. MCNB,MCNB Centre Martorell d'Exposicions,Natura o Cultura,60221,19/12/2023,31/08/2025,Pròpia,01, Ciutat Vella,04," Sant Pere, Santa Caterina i la Ribera",Consorci o fundació amb presència administracions públiques,Consorci del Museu de Ciències Naturals de Barcelona,Museus i col·leccions,Centres patrimonials,Ciència,41.38740215667359,2.18420736739626,http://www.museuciencies.bcn.cat,"El desembre de 2023, el Museu de Ciències Naturals de Barcelona va recuperar com a nou espai per a exposicions temporals l'antiga seu del Museu Martorell, amb el nom de Centre Martorell d'Exposicions. MCNB Museu Martorell: 
- Va ser una de les seus del Museu de Ciències Naturals de Barcelona fins al maig de 2010, quan va tancar per trasllat al parc del Fòrum.

- De 2010 a 2023 aquest espai va estar tancat al públic.

- El desembre de 2023 va tornar a obrir com a nova seu del Museu de Ciències Naturals de Barcelona."
2024,Museu de Ciències Naturals de Barcelona. MCNB,MCNB Centre Martorell d'Exposicions,Wow,60221,19/12/2023,31/08/2025,Externa,01, Ciutat Vella,04," Sant Pere, Santa Caterina i la Ribera",Consorci o fundació amb presència administracions públiques,Consorci del Museu de Ciències Naturals de Barcelona,Museus i col·leccions,Centres patrimonials,Ciència,41.38740215667359,2.18420736739626,http://www.museuciencies.bcn.cat,"El desembre de 2023, el Museu de Ciències Naturals de Barcelona va recuperar com a nou espai per a exposicions temporals l'antiga seu del Museu Martorell, amb el nom de Centre Martorell d'Exposicions. MCNB Museu Martorell: 
- Va ser una de les seus del Museu de Ciències Naturals de Barcelona fins al maig de 2010, quan va tancar per trasllat al parc del Fòrum.

- De 2010 a 2023 aquest espai va estar tancat al públic.

- El desembre de 2023 va tornar a obrir com a nova seu del Museu de Ciències Naturals de Barcelona."
2024,MCNB Hivernacle,MCNB Hivernacle,La màquina climàtica,,01/01/2024,02/03/2025,Externa,01, Ciutat Vella,04," Sant Pere, Santa Caterina i la Ribera",Consorci o fundació amb presència administracions públiques,Consorci del Museu de Ciències Naturals de Barcelona,Espais d'interès patrimonial,Centres patrimonials,Ciència,41.38773393328249,2.1838981259092702,,El gener de 2025 l'Hivernacle del Parc de la Ciutadella passa a ser una nova seu del Museu de Ciències Naturals de Barcelona.
2024,Museu de Ciències Naturals de Barcelona. MCNB,MCNB Jardí Botànic de Barcelona,Més que abelles. La vida en joc,431,20/10/2020,07/01/2024,Pròpia,03, Sants-Montjuïc,11, el Poble Sec,Consorci o fundació amb presència administracions públiques,Consorci del Museu de Ciències Naturals de Barcelona,Museus i col·leccions,Centres patrimonials,Ciència,41.361147184,2.152670465,http://www.jardibotanic.bcn.cat,
2024,Museu de Ciències Naturals de Barcelona. MCNB,MCNB Museu (Parc del Fòrum),Hi havia una vegada,2935,01/07/2022,07/01/2024,Externa,10, Sant Martí,70, el Besòs i el Maresme,Consorci o fundació amb presència administracions públiques,Consorci del Museu de Ciències Naturals de Barcelona,Museus i col·leccions,Centres patrimonials,Ciència,41.410779883,2.220482541,https://museuciencies.cat/no ok,
2024,Museu de Ciències Naturals de Barcelona. MCNB,MCNB Museu (Parc del Fòrum),Aigua,84963,15/02/2024,16/02/2025,Externa,10, Sant Martí,70, el Besòs i el Maresme,Consorci o fundació amb presència administracions públiques,Consorci del Museu de Ciències Naturals de Barcelona,Museus i col·leccions,Centres patrimonials,Ciència,41.410779883,2.220482541,https://museuciencies.cat/no ok,
2024,Museu d'Història de Barcelona. MHB,MHB Oliva Artés,Arquitectures en transició,684,13/06/2024,15/09/2024,Pròpia,10, Sant Martí,71, Provençals del Poblenou,Ajuntament de Barcelona,Institut de Cultura. Ajuntament de Barcelona,Museus i col·leccions,Centres patrimonials,Història i memòria,41.4083335,2.201517,,2025: canvi de direcció. Eliminació acrònim MUHBA.
2024,Museu d'Història de Barcelona. MHB,MHB Plaça del Rei,"Domènech i Montaner, urbanista",1566,29/03/2023,14/01/2024,Pròpia,01, Ciutat Vella,02, el Barri Gòtic,Ajuntament de Barcelona,Institut de Cultura. Ajuntament de Barcelona,Museus i col·leccions,Centres patrimonials,Història i memòria,41.384316,2.177521,http://museuhistoria.bcn.cat,2025: canvi de direcció. Eliminació acrònim MUHBA.
2024,Museu d'Història de Barcelona. MHB,MHB Plaça del Rei,La mirada del biblista. Instants d'eternitat,1909,14/09/2023,07/01/2024,Externa,01, Ciutat Vella,02, el Barri Gòtic,Ajuntament de Barcelona,Institut de Cultura. Ajuntament de Barcelona,Museus i col·leccions,Centres patrimonials,Història i memòria,41.384316,2.177521,http://museuhistoria.bcn.cat,2025: canvi de direcció. Eliminació acrònim MUHBA.
2024,Museu d'Història de Barcelona. MHB,MHB Plaça del Rei,"Greccio, Barcelona, patrimoni cultural internacional",3455,01/12/2023,14/01/2024,Externa,01, Ciutat Vella,02, el Barri Gòtic,Ajuntament de Barcelona,Institut de Cultura. Ajuntament de Barcelona,Museus i col·leccions,Centres patrimonials,Història i memòria,41.384316,2.177521,http://museuhistoria.bcn.cat,2025: canvi de direcció. Eliminació acrònim MUHBA.
2024,Museu Marítim de Barcelona. MMB,MMB Museu Marítim de Barcelona,Retrats de vaixells,82694,09/06/2023,17/11/2024,Pròpia,01, Ciutat Vella,01, el Raval,Consorci o fundació amb presència administracions públiques,Consorci de les Drassanes Reials i Museu Marítim de Barcelona,Museus i col·leccions,Centres patrimonials,Història i memòria,41.375949813,2.176041471,http://www.mmb.cat,
2024,Museu Marítim de Barcelona. MMB,MMB Museu Marítim de Barcelona,Animals a bord,6994,27/10/2023,26/05/2024,Pròpia,01, Ciutat Vella,01, el Raval,Consorci o fundació amb presència administracions públiques,Consorci de les Drassanes Reials i Museu Marítim de Barcelona,Museus i col·leccions,Centres patrimonials,Història i memòria,41.375949813,2.176041471,http://www.mmb.cat,
2024,Museu Marítim de Barcelona. MMB,MMB Museu Marítim de Barcelona,"SAMA-BAJAU, NÒMADES DE LA MAR",14005,23/11/2023,12/05/2024,Pròpia,01, Ciutat Vella,01, el Raval,Consorci o fundació amb presència administracions públiques,Consorci de les Drassanes Reials i Museu Marítim de Barcelona,Museus i col·leccions,Centres patrimonials,Història i memòria,41.375949813,2.176041471,http://www.mmb.cat,
2024,Museu Marítim de Barcelona. MMB,MMB Museu Marítim de Barcelona,PROGRAMA EDUCATIU 22 DIES EN 22 PEUS,,25/01/2024,24/03/2024,Pròpia,01, Ciutat Vella,01, el Raval,Consorci o fundació amb presència administracions públiques,Consorci de les Drassanes Reials i Museu Marítim de Barcelona,Museus i col·leccions,Centres patrimonials,Història i memòria,41.375949813,2.176041471,http://www.mmb.cat,
2024,Museu Marítim de Barcelona. MMB,MMB Museu Marítim de Barcelona,"Dones mar endins. Fils i nusos d'un relat invisible""",,08/03/2024,12/05/2024,Pròpia,01, Ciutat Vella,01, el Raval,Consorci o fundació amb presència administracions públiques,Consorci de les Drassanes Reials i Museu Marítim de Barcelona,Museus i col·leccions,Centres patrimonials,Història i memòria,41.375949813,2.176041471,http://www.mmb.cat,
2024,Museu Marítim de Barcelona. MMB,MMB Museu Marítim de Barcelona,Sailing through the Vast Skies and Boundless Seas: A Cultural Exhibition of Chinese Nautical Techno,80,09/04/2024,22/04/2024,Externa,01, Ciutat Vella,01, el Raval,Consorci o fundació amb presència administracions públiques,Consorci de les Drassanes Reials i Museu Marítim de Barcelona,Museus i col·leccions,Centres patrimonials,Història i memòria,41.375949813,2.176041471,http://www.mmb.cat,
2024,Museu Marítim de Barcelona. MMB,MMB Museu Marítim de Barcelona,Competir a mar,18168,07/06/2024,10/11/2024,Pròpia,01, Ciutat Vella,01, el Raval,Consorci o fundació amb presència administracions públiques,Consorci de les Drassanes Reials i Museu Marítim de Barcelona,Museus i col·leccions,Centres patrimonials,Història i memòria,41.375949813,2.176041471,http://www.mmb.cat,
2024,Museu Marítim de Barcelona. MMB,MMB Museu Marítim de Barcelona,"Penèlope, la mar és teva",4802,14/06/2024,09/02/2025,Pròpia,01, Ciutat Vella,01, el Raval,Consorci o fundació amb presència administracions públiques,Consorci de les Drassanes Reials i Museu Marítim de Barcelona,Museus i col·leccions,Centres patrimonials,Història i memòria,41.375949813,2.176041471,http://www.mmb.cat,
2024,Museu Marítim de Barcelona. MMB,MMB Museu Marítim de Barcelona,PORT I FOTOGRAFIA La imatge fotogràfica del Port de Barcelona,,02/08/2024,20/10/2024,Externa,01, Ciutat Vella,01, el Raval,Consorci o fundació amb presència administracions públiques,Consorci de les Drassanes Reials i Museu Marítim de Barcelona,Museus i col·leccions,Centres patrimonials,Història i memòria,41.375949813,2.176041471,http://www.mmb.cat,
2024,Museu Marítim de Barcelona. MMB,MMB Museu Marítim de Barcelona,Espècies invasores marines. L'amenaça silenciosa,2473,28/11/2024,08/06/2025,Pròpia,01, Ciutat Vella,01, el Raval,Consorci o fundació amb presència administracions públiques,Consorci de les Drassanes Reials i Museu Marítim de Barcelona,Museus i col·leccions,Centres patrimonials,Història i memòria,41.375949813,2.176041471,http://www.mmb.cat,
2024,Museu Etnològic i de Cultures del Món. MUEC,MUEC Montcada,Kataezome,6427,15/06/2023,04/02/2024,Pròpia,01, Ciutat Vella,04," Sant Pere, Santa Caterina i la Ribera",Ajuntament de Barcelona,Institut de Cultura. Ajuntament de Barcelona,Museus i col·leccions,Centres patrimonials,Història i memòria,41.3853317,2.1805103,http://museuculturesmon.bcn.cat,La seu Montcada del Museu Etnològic i de Cultures del Món es va inaugurar el 7 de febrer de 2015.
2024,Museu Etnològic i de Cultures del Món. MUEC,MUEC Montcada,Reencantaments,25959,21/03/2024,10/11/2024,Pròpia,01, Ciutat Vella,04," Sant Pere, Santa Caterina i la Ribera",Ajuntament de Barcelona,Institut de Cultura. Ajuntament de Barcelona,Museus i col·leccions,Centres patrimonials,Història i memòria,41.3853317,2.1805103,http://museuculturesmon.bcn.cat,La seu Montcada del Museu Etnològic i de Cultures del Món es va inaugurar el 7 de febrer de 2015.
2024,Museu Etnològic i de Cultures del Món. MUEC,MUEC Parc Montjuïc,"Barcelona Ciutat Gegant, 600 anys de festa i tradició",6237,30/05/2024,31/10/2025,Pròpia,03, Sants-Montjuïc,11, el Poble Sec,Ajuntament de Barcelona,Institut de Cultura. Ajuntament de Barcelona,Museus i col·leccions,Centres patrimonials,Història i memòria,41.36906211,2.155983304,http://www.museuetnologic.bcn.cat,
2024,Museu Europeu d'Art Modern. MEAM,Museu Europeu d'Art Modern. MEAM,Figurativas 23,,06/10/2023,14/01/2024,Pròpia,01, Ciutat Vella,04," Sant Pere, Santa Caterina i la Ribera",Titularitat privada,Fundació Privada de les Arts i els Artistes,Museus i col·leccions,Centres patrimonials,Arts visuals,41.384912046,2.180305787,http://www.meam.es,
2024,Museu Europeu d'Art Modern. MEAM,Museu Europeu d'Art Modern. MEAM,Mark Tennant,5996,18/01/2024,12/05/2024,Pròpia,01, Ciutat Vella,04," Sant Pere, Santa Caterina i la Ribera",Titularitat privada,Fundació Privada de les Arts i els Artistes,Museus i col·leccions,Centres patrimonials,Arts visuals,41.384912046,2.180305787,http://www.meam.es,
2024,Museu Europeu d'Art Modern. MEAM,Museu Europeu d'Art Modern. MEAM,25º Aniversario Galería Artelibre,5245,17/05/2024,22/09/2024,Pròpia,01, Ciutat Vella,04," Sant Pere, Santa Caterina i la Ribera",Titularitat privada,Fundació Privada de les Arts i els Artistes,Museus i col·leccions,Centres patrimonials,Arts visuals,41.384912046,2.180305787,http://www.meam.es,
2024,Museu Europeu d'Art Modern. MEAM,Museu Europeu d'Art Modern. MEAM,ModPortrait 2023,5245,17/05/2024,22/09/2024,Pròpia,01, Ciutat Vella,04," Sant Pere, Santa Caterina i la Ribera",Titularitat privada,Fundació Privada de les Arts i els Artistes,Museus i col·leccions,Centres patrimonials,Arts visuals,41.384912046,2.180305787,http://www.meam.es,
2024,Museu Europeu d'Art Modern. MEAM,Museu Europeu d'Art Modern. MEAM,Realism Now,5225,27/09/2024,01/06/2025,Pròpia,01, Ciutat Vella,04," Sant Pere, Santa Caterina i la Ribera",Titularitat privada,Fundació Privada de les Arts i els Artistes,Museus i col·leccions,Centres patrimonials,Arts visuals,41.384912046,2.180305787,http://www.meam.es,
2024,Museu Europeu d'Art Modern. MEAM,Museu Europeu d'Art Modern. MEAM,"Urbes, paisatges contemporanis",5225,27/09/2024,26/01/2025,Pròpia,01, Ciutat Vella,04," Sant Pere, Santa Caterina i la Ribera",Titularitat privada,Fundació Privada de les Arts i els Artistes,Museus i col·leccions,Centres patrimonials,Arts visuals,41.384912046,2.180305787,http://www.meam.es,
2024,Museu Frederic Marès,Museu Frederic Marès,Emocions. Imatges i gestos del passat i del present,22710,30/11/2023,26/05/2024,Pròpia,01, Ciutat Vella,02, el Barri Gòtic,Ajuntament de Barcelona,Institut de Cultura. Ajuntament de Barcelona,Museus i col·leccions,Centres patrimonials,Arts visuals,41.384173998,2.176939205,https://www.barcelona.cat/museufredericmares/,"El Museu Frederic Marès va estar tancat per reformes d'octubre de 2009 a maig de 2011, i durant alguns mesos de 2020."
2024,Museu Frederic Marès,Museu Frederic Marès,Dones de paraula,3622,15/11/2024,25/05/2025,Pròpia,01, Ciutat Vella,02, el Barri Gòtic,Ajuntament de Barcelona,Institut de Cultura. Ajuntament de Barcelona,Museus i col·leccions,Centres patrimonials,Arts visuals,41.384173998,2.176939205,https://www.barcelona.cat/museufredericmares/,"El Museu Frederic Marès va estar tancat per reformes d'octubre de 2009 a maig de 2011, i durant alguns mesos de 2020."
2024,Museu Nacional d'Art de Catalunya. MNAC,Museu Nacional d'Art de Catalunya. MNAC,Quina humanitat?,15997,27/10/2023,11/02/2024,Pròpia,03, Sants-Montjuïc,11, el Poble Sec,Consorci o fundació amb presència administracions públiques,Museu Nacional d'Art de Catalunya,Museus i col·leccions,Centres patrimonials,Arts visuals,41.368853566,2.153363173,http://museunacional.cat,
2024,Museu Nacional d'Art de Catalunya. MNAC,Museu Nacional d'Art de Catalunya. MNAC,Pere Formiguera,99719,15/12/2023,30/06/2024,Pròpia,03, Sants-Montjuïc,11, el Poble Sec,Consorci o fundació amb presència administracions públiques,Museu Nacional d'Art de Catalunya,Museus i col·leccions,Centres patrimonials,Arts visuals,41.368853566,2.153363173,http://museunacional.cat,
2024,Museu Nacional d'Art de Catalunya. MNAC,Museu Nacional d'Art de Catalunya. MNAC,El mirall perdut,101296,23/02/2024,26/05/2024,Coproducció,03, Sants-Montjuïc,11, el Poble Sec,Consorci o fundació amb presència administracions públiques,Museu Nacional d'Art de Catalunya,Museus i col·leccions,Centres patrimonials,Arts visuals,41.368853566,2.153363173,http://museunacional.cat,
2024,Museu Nacional d'Art de Catalunya. MNAC,Museu Nacional d'Art de Catalunya. MNAC,Suzanne Valadon,80730,18/04/2024,01/09/2024,Pròpia,03, Sants-Montjuïc,11, el Poble Sec,Consorci o fundació amb presència administracions públiques,Museu Nacional d'Art de Catalunya,Museus i col·leccions,Centres patrimonials,Arts visuals,41.368853566,2.153363173,http://museunacional.cat,
2024,Museu Nacional d'Art de Catalunya. MNAC,Museu Nacional d'Art de Catalunya. MNAC,Eveli Torent,31706,18/10/2024,16/02/2025,Pròpia,03, Sants-Montjuïc,11, el Poble Sec,Consorci o fundació amb presència administracions públiques,Museu Nacional d'Art de Catalunya,Museus i col·leccions,Centres patrimonials,Arts visuals,41.368853566,2.153363173,http://museunacional.cat,
2024,Museu Olímpic i de l'Esport Joan Antoni Samaranch,Museu Olímpic i de l'Esport Joan Antoni Samaranch,Club Centenari: UA Horta,8858,11/07/2023,21/02/2024,Pròpia,03, Sants-Montjuïc,11, el Poble Sec,Ajuntament de Barcelona,Fundació Barcelona Olímpica,Museus i col·leccions,Centres patrimonials,Història i memòria,41.366249336,2.157076095,http://www.museuolimpicbcn.cat,
2024,Museu Olímpic i de l'Esport Joan Antoni Samaranch,Museu Olímpic i de l'Esport Joan Antoni Samaranch,Paris 2024. Games Wide Open,36220,14/05/2024,02/03/2025,Pròpia,03, Sants-Montjuïc,11, el Poble Sec,Ajuntament de Barcelona,Fundació Barcelona Olímpica,Museus i col·leccions,Centres patrimonials,Història i memòria,41.366249336,2.157076095,http://www.museuolimpicbcn.cat,
2024,Museu Picasso,Museu Picasso,Miró-Picasso,130258,20/10/2023,25/02/2024,Coproducció,01, Ciutat Vella,04," Sant Pere, Santa Caterina i la Ribera",Consorci o fundació amb presència administracions públiques,Fundació Museu Picasso,Museus i col·leccions,Centres patrimonials,Arts visuals,41.385152312,2.180834795,http://www.museupicasso.bcn.cat https://museupicassobcn.cat,"El gener de 2014 el Museu Picasso va canviar d'entitat de gestió, de l'Institut de Cultura de Barcelona va passar a la Fundació Museu Picasso."
2024,Museu Picasso,Museu Picasso,"Fernande Olivier, Pablo Picasso i els seus amics",410546,07/06/2024,06/10/2024,Pròpia,01, Ciutat Vella,04," Sant Pere, Santa Caterina i la Ribera",Consorci o fundació amb presència administracions públiques,Fundació Museu Picasso,Museus i col·leccions,Centres patrimonials,Arts visuals,41.385152312,2.180834795,http://www.museupicasso.bcn.cat https://museupicassobcn.cat,"El gener de 2014 el Museu Picasso va canviar d'entitat de gestió, de l'Institut de Cultura de Barcelona va passar a la Fundació Museu Picasso."
2024,Museu Picasso,Museu Picasso,De Montmartre a Montparnasse. Artistes catalans a París (1889-1914),77668,22/11/2024,30/03/2025,Pròpia,01, Ciutat Vella,04," Sant Pere, Santa Caterina i la Ribera",Consorci o fundació amb presència administracions públiques,Fundació Museu Picasso,Museus i col·leccions,Centres patrimonials,Arts visuals,41.385152312,2.180834795,http://www.museupicasso.bcn.cat https://museupicassobcn.cat,"El gener de 2014 el Museu Picasso va canviar d'entitat de gestió, de l'Institut de Cultura de Barcelona va passar a la Fundació Museu Picasso."
2024,Museu Tàpies,Museu Tàpies,Tàpies ŽL'emprenta del ZEN,37377,13/12/2023,23/06/2024,Pròpia,02, Eixample,07, la Dreta de l'Eixample,Consorci o fundació amb presència administracions públiques,Fundació Antoni Tàpies,Museus i col·leccions,Centres patrimonials,Arts visuals,41.391522171,2.163757744,http://www.fundaciotapies.org,"El 2024 canvia de nom, de Fundació Antoni Tàpies a Museu Tàpies. Tancat per reformes de gener de 2008 a febrer de 2010."
2024,Museu Tàpies,Museu Tàpies,"A=A, B=B",8327,13/12/2023,03/03/2024,Pròpia,02, Eixample,07, la Dreta de l'Eixample,Consorci o fundació amb presència administracions públiques,Fundació Antoni Tàpies,Museus i col·leccions,Centres patrimonials,Arts visuals,41.391522171,2.163757744,http://www.fundaciotapies.org,"El 2024 canvia de nom, de Fundació Antoni Tàpies a Museu Tàpies. Tancat per reformes de gener de 2008 a febrer de 2010."
2024,Museu Tàpies,Museu Tàpies,"Chiharu Shiota. Cadascú, un univers",26683,23/03/2024,23/06/2024,Pròpia,02, Eixample,07, la Dreta de l'Eixample,Consorci o fundació amb presència administracions públiques,Fundació Antoni Tàpies,Museus i col·leccions,Centres patrimonials,Arts visuals,41.391522171,2.163757744,http://www.fundaciotapies.org,"El 2024 canvia de nom, de Fundació Antoni Tàpies a Museu Tàpies. Tancat per reformes de gener de 2008 a febrer de 2010."
2024,Museu Tàpies,Museu Tàpies,Antoni Tàpies. La pràctica de l'art,25635,20/07/2024,12/01/2025,Pròpia,02, Eixample,07, la Dreta de l'Eixample,Consorci o fundació amb presència administracions públiques,Fundació Antoni Tàpies,Museus i col·leccions,Centres patrimonials,Arts visuals,41.391522171,2.163757744,http://www.fundaciotapies.org,"El 2024 canvia de nom, de Fundació Antoni Tàpies a Museu Tàpies. Tancat per reformes de gener de 2008 a febrer de 2010."
2024,Museu d'Arqueologia de Catalunya,Museu d'Arqueologia de Catalunya,Naufragis. Històries submergides,42064,01/01/2024,31/12/2024,Pròpia,03, Sants-Montjuïc,11, el Poble Sec,Altres administracions públiques,Generalitat de Catalunya,Museus i col·leccions,Centres patrimonials,Història i memòria,41.370153865,2.157646024,http://www.mac.cat,
2024,Museu d'Art Contemporani de Barcelona. MACBA,Museu d'Art Contemporani de Barcelona. MACBA,Col·lecció MACBA. Preludi. Intenció poètica. CED,7476,01/01/2023,31/12/2025,Pròpia,01, Ciutat Vella,01, el Raval,Consorci o fundació amb presència administracions públiques,Museu d'Art Contemporani de Barcelona,Museus i col·leccions,Centres patrimonials,Arts visuals,41.383145956,2.167830774,http://www.macba.cat,
2024,Museu d'Art Contemporani de Barcelona. MACBA,Museu d'Art Contemporani de Barcelona. MACBA,Nancy Holt. Dins Fora,3224,13/07/2023,07/01/2024,Pròpia,01, Ciutat Vella,01, el Raval,Consorci o fundació amb presència administracions públiques,Museu d'Art Contemporani de Barcelona,Museus i col·leccions,Centres patrimonials,Arts visuals,41.383145956,2.167830774,http://www.macba.cat,
2024,Museu d'Art Contemporani de Barcelona. MACBA,Museu d'Art Contemporani de Barcelona. MACBA,Daniel Steegmann Mangrané. ,67080,15/11/2023,20/05/2024,Pròpia,01, Ciutat Vella,01, el Raval,Consorci o fundació amb presència administracions públiques,Museu d'Art Contemporani de Barcelona,Museus i col·leccions,Centres patrimonials,Arts visuals,41.383145956,2.167830774,http://www.macba.cat,
2024,Museu d'Art Contemporani de Barcelona. MACBA,Museu d'Art Contemporani de Barcelona. MACBA,Lydia Ourahmane. 108 dies,39311,28/11/2023,01/04/2024,Pròpia,01, Ciutat Vella,01, el Raval,Consorci o fundació amb presència administracions públiques,Museu d'Art Contemporani de Barcelona,Museus i col·leccions,Centres patrimonials,Arts visuals,41.383145956,2.167830774,http://www.macba.cat,
2024,Museu d'Art Contemporani de Barcelona. MACBA,Museu d'Art Contemporani de Barcelona. MACBA,Cançó per a molts moviments,26034,10/02/2024,01/04/2024,Pròpia,01, Ciutat Vella,01, el Raval,Consorci o fundació amb presència administracions públiques,Museu d'Art Contemporani de Barcelona,Museus i col·leccions,Centres patrimonials,Arts visuals,41.383145956,2.167830774,http://www.macba.cat,
2024,Museu d'Art Contemporani de Barcelona. MACBA,Museu d'Art Contemporani de Barcelona. MACBA,[contra]Panorama,25102,10/02/2024,01/04/2024,Pròpia,01, Ciutat Vella,01, el Raval,Consorci o fundació amb presència administracions públiques,Museu d'Art Contemporani de Barcelona,Museus i col·leccions,Centres patrimonials,Arts visuals,41.383145956,2.167830774,http://www.macba.cat,
2024,Museu d'Art Contemporani de Barcelona. MACBA,Museu d'Art Contemporani de Barcelona. MACBA,Visual origen,38435,29/02/2024,26/05/2024,Pròpia,01, Ciutat Vella,01, el Raval,Consorci o fundació amb presència administracions públiques,Museu d'Art Contemporani de Barcelona,Museus i col·leccions,Centres patrimonials,Arts visuals,41.383145956,2.167830774,http://www.macba.cat,
2024,Museu d'Art Contemporani de Barcelona. MACBA,Museu d'Art Contemporani de Barcelona. MACBA,Jordi Colomer. Façana Foto Festa Futur Fideus,58205,10/05/2024,24/09/2024,Pròpia,01, Ciutat Vella,01, el Raval,Consorci o fundació amb presència administracions públiques,Museu d'Art Contemporani de Barcelona,Museus i col·leccions,Centres patrimonials,Arts visuals,41.383145956,2.167830774,http://www.macba.cat,
2024,Museu d'Art Contemporani de Barcelona. MACBA,Museu d'Art Contemporani de Barcelona. MACBA,Una ciutat desconeguda sota la boira. Noves imatges de la Barcelona dels barris,91004,20/06/2024,12/01/2025,Pròpia,01, Ciutat Vella,01, el Raval,Consorci o fundació amb presència administracions públiques,Museu d'Art Contemporani de Barcelona,Museus i col·leccions,Centres patrimonials,Arts visuals,41.383145956,2.167830774,http://www.macba.cat,
2024,Museu d'Art Contemporani de Barcelona. MACBA,Museu d'Art Contemporani de Barcelona. MACBA,Mari Chordà... i moltes altres coses,83803,05/07/2024,12/01/2025,Pròpia,01, Ciutat Vella,01, el Raval,Consorci o fundació amb presència administracions públiques,Museu d'Art Contemporani de Barcelona,Museus i col·leccions,Centres patrimonials,Arts visuals,41.383145956,2.167830774,http://www.macba.cat,
2024,Museu d'Art Contemporani de Barcelona. MACBA,Museu d'Art Contemporani de Barcelona. MACBA,Wu Tsang. La gran mentida de la mort,37231,19/07/2024,03/11/2024,Pròpia,01, Ciutat Vella,01, el Raval,Consorci o fundació amb presència administracions públiques,Museu d'Art Contemporani de Barcelona,Museus i col·leccions,Centres patrimonials,Arts visuals,41.383145956,2.167830774,http://www.macba.cat,
2024,Museu d'Art Contemporani de Barcelona. MACBA,Museu d'Art Contemporani de Barcelona. MACBA,Petrit Halilaj & Álvaro Urbano. Ensamble lunar para mares en alza,37186,10/10/2024,12/01/2025,Pròpia,01, Ciutat Vella,01, el Raval,Consorci o fundació amb presència administracions públiques,Museu d'Art Contemporani de Barcelona,Museus i col·leccions,Centres patrimonials,Arts visuals,41.383145956,2.167830774,http://www.macba.cat,
2024,Museu d'Art Contemporani de Barcelona. MACBA,Museu d'Art Contemporani de Barcelona. MACBA,[contra]Panorama 2,30155,24/10/2024,21/04/2025,Pròpia,01, Ciutat Vella,01, el Raval,Consorci o fundació amb presència administracions públiques,Museu d'Art Contemporani de Barcelona,Museus i col·leccions,Centres patrimonials,Arts visuals,41.383145956,2.167830774,http://www.macba.cat,
2024,Museu d'Art Contemporani de Barcelona. MACBA,Museu d'Art Contemporani de Barcelona. MACBA,Teresa Solar Abboud. Somni màquina d'ocell,25642,31/10/2024,09/03/2025,Pròpia,01, Ciutat Vella,01, el Raval,Consorci o fundació amb presència administracions públiques,Museu d'Art Contemporani de Barcelona,Museus i col·leccions,Centres patrimonials,Arts visuals,41.383145956,2.167830774,http://www.macba.cat,
2024,Museu d'Història de Catalunya,Museu d'Història de Catalunya,Una altra història,10892,01/01/2024,28/04/2024,Pròpia,01, Ciutat Vella,03, la Barceloneta,Altres administracions públiques,Generalitat de Catalunya,Museus i col·leccions,Centres patrimonials,Història i memòria,41.380668608,2.18550348,http://www.mhcat.cat,
2024,Museu d'Història de Catalunya,Museu d'Història de Catalunya,Viladecans Cartells,18430,16/05/2024,15/09/2024,Pròpia,01, Ciutat Vella,03, la Barceloneta,Altres administracions públiques,Generalitat de Catalunya,Museus i col·leccions,Centres patrimonials,Història i memòria,41.380668608,2.18550348,http://www.mhcat.cat,
2024,Museu d'Història de Catalunya,Museu d'Història de Catalunya,Tàpies. Art i Activistme,7505,10/07/2024,02/02/2025,Pròpia,01, Ciutat Vella,03, la Barceloneta,Altres administracions públiques,Generalitat de Catalunya,Museus i col·leccions,Centres patrimonials,Història i memòria,41.380668608,2.18550348,http://www.mhcat.cat,
2024,Museu d'Història de Catalunya,Museu d'Història de Catalunya,En Fugida. Refugiats,403,15/11/2024,25/05/2025,Pròpia,01, Ciutat Vella,03, la Barceloneta,Altres administracions públiques,Generalitat de Catalunya,Museus i col·leccions,Centres patrimonials,Història i memòria,41.380668608,2.18550348,http://www.mhcat.cat,
2024,Museu de la Música,Museu de la Música,"ESCOLTAR AMB LES MANS. Suports obsolets, missatges efímers",923,12/05/2023,07/01/2024,Pròpia,02, Eixample,05, el Fort Pienc,Consorci o fundació amb presència administracions públiques,Consorci de L'Auditori i l'Orquestra,Museus i col·leccions,Centres patrimonials,Història i memòria,41.398366625,2.184867722,https://ajuntament.barcelona.cat/museumusica/ca,Museu inaugurat el 1946 i traslladat a la seva seu actual el 2007.
2024,Museu de la Música,Museu de la Música,Found Tape Archive,923,05/10/2023,07/01/2024,Coproducció,02, Eixample,05, el Fort Pienc,Consorci o fundació amb presència administracions públiques,Consorci de L'Auditori i l'Orquestra,Museus i col·leccions,Centres patrimonials,Història i memòria,41.398366625,2.184867722,https://ajuntament.barcelona.cat/museumusica/ca,Museu inaugurat el 1946 i traslladat a la seva seu actual el 2007.
2024,Museu de la Música,Museu de la Música,Emprenta de Felip Pedrell,1366,21/12/2023,31/03/2024,Pròpia,02, Eixample,05, el Fort Pienc,Consorci o fundació amb presència administracions públiques,Consorci de L'Auditori i l'Orquestra,Museus i col·leccions,Centres patrimonials,Història i memòria,41.398366625,2.184867722,https://ajuntament.barcelona.cat/museumusica/ca,Museu inaugurat el 1946 i traslladat a la seva seu actual el 2007.
2024,Museu de la Música,Museu de la Música,"Exposició L'Auditori, 25 anys",,22/03/2024,09/06/2024,Pròpia,02, Eixample,05, el Fort Pienc,Consorci o fundació amb presència administracions públiques,Consorci de L'Auditori i l'Orquestra,Museus i col·leccions,Centres patrimonials,Història i memòria,41.398366625,2.184867722,https://ajuntament.barcelona.cat/museumusica/ca,Museu inaugurat el 1946 i traslladat a la seva seu actual el 2007.
2024,Museu de la Música,Museu de la Música,Ja saps tocar el piano. Rastres de Carles Santos,10061,04/07/2024,13/10/2024,Coproducció,02, Eixample,05, el Fort Pienc,Consorci o fundació amb presència administracions públiques,Consorci de L'Auditori i l'Orquestra,Museus i col·leccions,Centres patrimonials,Història i memòria,41.398366625,2.184867722,https://ajuntament.barcelona.cat/museumusica/ca,Museu inaugurat el 1946 i traslladat a la seva seu actual el 2007.
2024,Museu de la Música,Museu de la Música,Ara canto per a mi,1680,12/12/2024,14/12/2025,Pròpia,02, Eixample,05, el Fort Pienc,Consorci o fundació amb presència administracions públiques,Consorci de L'Auditori i l'Orquestra,Museus i col·leccions,Centres patrimonials,Història i memòria,41.398366625,2.184867722,https://ajuntament.barcelona.cat/museumusica/ca,Museu inaugurat el 1946 i traslladat a la seva seu actual el 2007.
2024,Museu de la Xocolata,Museu de la Xocolata,ART/SANIA,,17/11/2023,30/01/2024,Coproducció,01, Ciutat Vella,04," Sant Pere, Santa Caterina i la Ribera",Titularitat privada,Fundació de l'escola del Gremi de Pastisseria i Museu de la Xocolata de Barcelona,Museus i col·leccions,Centres patrimonials,Història i memòria,41.387387733,2.181708405,http://www.museuxocolata.cat,
2024,Palau Güell,Palau Güell,Cosint el cant. El vestuari de Victoria de los Ángeles,9607,01/01/2024,21/01/2024,Pròpia,01, Ciutat Vella,01, el Raval,Altres administracions públiques,Diputació de Barcelona,Espais d'interès patrimonial,Centres patrimonials,Història i memòria,41.3791747,2.1744127,http://palauguell.cat,
2024,Palau Güell,Palau Güell,La cara oculta del Palau Güell,208667,05/03/2024,04/12/2024,Pròpia,01, Ciutat Vella,01, el Raval,Altres administracions públiques,Diputació de Barcelona,Espais d'interès patrimonial,Centres patrimonials,Història i memòria,41.3791747,2.1744127,http://palauguell.cat,
2024,Palau Güell,Palau Güell,Obres de la col·lecció de la Fundació Güell. El nostre compromís és amb el brot,6789,21/12/2024,31/12/2024,Pròpia,01, Ciutat Vella,01, el Raval,Altres administracions públiques,Diputació de Barcelona,Espais d'interès patrimonial,Centres patrimonials,Història i memòria,41.3791747,2.1744127,http://palauguell.cat,
2024,Palau Robert,Palau Robert,Jugo com una nena,,06/07/2023,25/09/2024,Pròpia,02, Eixample,07, la Dreta de l'Eixample,Altres administracions públiques,Generalitat de Catalunya,Centres d'exposicions,Centres d'exposicions,Arts visuals,41.396100952,2.159514266,http://www.gencat.cat/palaurobert,
2024,Palau Robert,Palau Robert,Aquella eterna admiració. Centenari Alícia de Larrocha i Victoria de los Ángeles,22977,29/09/2023,07/01/2024,Pròpia,02, Eixample,07, la Dreta de l'Eixample,Altres administracions públiques,Generalitat de Catalunya,Centres d'exposicions,Centres d'exposicions,Arts visuals,41.396100952,2.159514266,http://www.gencat.cat/palaurobert,
2024,Palau Robert,Palau Robert,Les publicacions de la Generalitat republicana (1931-1936),20758,18/12/2023,01/04/2024,Pròpia,02, Eixample,07, la Dreta de l'Eixample,Altres administracions públiques,Generalitat de Catalunya,Centres d'exposicions,Centres d'exposicions,Arts visuals,41.396100952,2.159514266,http://www.gencat.cat/palaurobert,
2024,Palau Robert,Palau Robert,Dues pedres. Paisatges persistents,48445,19/12/2023,02/06/2024,Pròpia,02, Eixample,07, la Dreta de l'Eixample,Altres administracions públiques,Generalitat de Catalunya,Centres d'exposicions,Centres d'exposicions,Arts visuals,41.396100952,2.159514266,http://www.gencat.cat/palaurobert,
2024,Palau Robert,Palau Robert,Núria Feliu al Palau. Robert,36166,13/02/2024,19/05/2024,Pròpia,02, Eixample,07, la Dreta de l'Eixample,Altres administracions públiques,Generalitat de Catalunya,Centres d'exposicions,Centres d'exposicions,Arts visuals,41.396100952,2.159514266,http://www.gencat.cat/palaurobert,
2024,Palau Robert,Palau Robert,Vides entre dictadures. Les fotografies de Rossend Torras,31630,16/04/2024,01/09/2024,Pròpia,02, Eixample,07, la Dreta de l'Eixample,Altres administracions públiques,Generalitat de Catalunya,Centres d'exposicions,Centres d'exposicions,Arts visuals,41.396100952,2.159514266,http://www.gencat.cat/palaurobert,
2024,Palau Robert,Palau Robert,"Vides minades, 25 anys. Gervasio Sanchez",13664,06/06/2024,25/08/2024,Pròpia,02, Eixample,07, la Dreta de l'Eixample,Altres administracions públiques,Generalitat de Catalunya,Centres d'exposicions,Centres d'exposicions,Arts visuals,41.396100952,2.159514266,http://www.gencat.cat/palaurobert,
2024,Palau Robert,Palau Robert,Recorda el futur-Mobile World Capital,43200,20/06/2024,03/11/2024,Pròpia,02, Eixample,07, la Dreta de l'Eixample,Altres administracions públiques,Generalitat de Catalunya,Centres d'exposicions,Centres d'exposicions,Arts visuals,41.396100952,2.159514266,http://www.gencat.cat/palaurobert,
2024,Palau Robert,Palau Robert,S'Agarò 1924-2024. Arquitectura i cultura a la Costa Brava,38087,27/06/2024,03/11/2024,Pròpia,02, Eixample,07, la Dreta de l'Eixample,Altres administracions públiques,Generalitat de Catalunya,Centres d'exposicions,Centres d'exposicions,Arts visuals,41.396100952,2.159514266,http://www.gencat.cat/palaurobert,
2024,Palau Robert,Palau Robert,Montserrat. 1000 anys,29601,16/09/2024,03/11/2024,Pròpia,02, Eixample,07, la Dreta de l'Eixample,Altres administracions públiques,Generalitat de Catalunya,Centres d'exposicions,Centres d'exposicions,Arts visuals,41.396100952,2.159514266,http://www.gencat.cat/palaurobert,
2024,Palau Robert,Palau Robert,Cul a terra,26021,03/12/2024,30/03/2025,Pròpia,02, Eixample,07, la Dreta de l'Eixample,Altres administracions públiques,Generalitat de Catalunya,Centres d'exposicions,Centres d'exposicions,Arts visuals,41.396100952,2.159514266,http://www.gencat.cat/palaurobert,
2024,Palau Robert,Palau Robert,"Leonor Ferrer, una vida entre línies",31225,19/12/2024,02/02/2025,Pròpia,02, Eixample,07, la Dreta de l'Eixample,Altres administracions públiques,Generalitat de Catalunya,Centres d'exposicions,Centres d'exposicions,Arts visuals,41.396100952,2.159514266,http://www.gencat.cat/palaurobert,
2024,Pavelló Mies van der Rohe,Pavelló Mies van der Rohe,Pavilion Cross-Occupancies,1262,17/02/2024,20/02/2024,Pròpia,03, Sants-Montjuïc,11, el Poble Sec,Consorci o fundació amb presència administracions públiques,Fundació Mies van der Rohe,Espais d'interès patrimonial,Centres patrimonials,Història i memòria,41.370666,2.149491,http://www.miesbcn.com,
2024,Pavelló Mies van der Rohe,Pavelló Mies van der Rohe,"SonarMies - ""Liquid Strata"", Entangled Others, Daphne Xanthopoulou i Joan Llprt.",1067,13/06/2024,15/06/2024,Pròpia,03, Sants-Montjuïc,11, el Poble Sec,Consorci o fundació amb presència administracions públiques,Fundació Mies van der Rohe,Espais d'interès patrimonial,Centres patrimonials,Història i memòria,41.370666,2.149491,http://www.miesbcn.com,
2024,Pavelló Mies van der Rohe,Pavelló Mies van der Rohe,Suspendre el Cel De Caio Reisewitz / Prats Nogueras Blanchard,10443,18/09/2024,10/10/2024,Coproducció,03, Sants-Montjuïc,11, el Poble Sec,Consorci o fundació amb presència administracions públiques,Fundació Mies van der Rohe,Espais d'interès patrimonial,Centres patrimonials,Història i memòria,41.370666,2.149491,http://www.miesbcn.com,
2024,Pavelló Mies van der Rohe,Pavelló Mies van der Rohe,In(Visible) Energy/ The Bartlett School of Architecture,4290,25/10/2024,03/11/2024,Altres,03, Sants-Montjuïc,11, el Poble Sec,Consorci o fundació amb presència administracions públiques,Fundació Mies van der Rohe,Espais d'interès patrimonial,Centres patrimonials,Història i memòria,41.370666,2.149491,http://www.miesbcn.com,
2024,Pavelló Mies van der Rohe,Pavelló Mies van der Rohe,Splashing Mies by Alberto Peral,5127,08/11/2024,01/12/2024,Altres,03, Sants-Montjuïc,11, el Poble Sec,Consorci o fundació amb presència administracions públiques,Fundació Mies van der Rohe,Espais d'interès patrimonial,Centres patrimonials,Història i memòria,41.370666,2.149491,http://www.miesbcn.com,
2024,Santa Mònica,Santa Mònica,Anti-Futurisme Cimarrón,2041,12/10/2023,31/01/2024,Coproducció,01, Ciutat Vella,01, el Raval,Altres administracions públiques,Generalitat de Catalunya,Centres d'exposicions,Centres d'exposicions,Arts visuals,41.377227254,2.175597264,http://www.artssantamonica.cat,
2024,Santa Mònica,Santa Mònica,La possibilitat de no haver sigut,1752,12/10/2023,31/01/2024,Pròpia,01, Ciutat Vella,01, el Raval,Altres administracions públiques,Generalitat de Catalunya,Centres d'exposicions,Centres d'exposicions,Arts visuals,41.377227254,2.175597264,http://www.artssantamonica.cat,
2024,Santa Mònica,Santa Mònica,L'altre costat,7925,29/02/2024,02/06/2024,Pròpia,01, Ciutat Vella,01, el Raval,Altres administracions públiques,Generalitat de Catalunya,Centres d'exposicions,Centres d'exposicions,Arts visuals,41.377227254,2.175597264,http://www.artssantamonica.cat,
2024,Santa Mònica,Santa Mònica,Màqunes del temps,5271,27/06/2024,08/09/2024,Pròpia,01, Ciutat Vella,01, el Raval,Altres administracions públiques,Generalitat de Catalunya,Centres d'exposicions,Centres d'exposicions,Arts visuals,41.377227254,2.175597264,http://www.artssantamonica.cat,
2024,Santa Mònica,Santa Mònica,Després del vendaval,6794,02/10/2024,12/01/2025,Pròpia,01, Ciutat Vella,01, el Raval,Altres administracions públiques,Generalitat de Catalunya,Centres d'exposicions,Centres d'exposicions,Arts visuals,41.377227254,2.175597264,http://www.artssantamonica.cat,
